,ACTION,ACTION,ACTION,ACTION,ACTION,ACTION,ACTION,ACTION,ACTION,ACTION,ACTION,ACTION,ACTION,ACTION,ACTION,ACTION,ACTION,ACTION,ACTION,ACTION,ACTION,ACTION,ACTION,ACTION,ACTION,ACTION,ACTION,ACTION,ACTION,ACTION,ACTION,ACTION,ACTION,ACTION,ACTION,ACTION,ACTION,ACTION,ACTION,ACTION,ACTION,ACTION,ACTION,ACTION,ACTION,ACTION,GOTO,GOTO,GOTO,GOTO,GOTO,GOTO,GOTO,GOTO,GOTO,GOTO,GOTO,GOTO,GOTO,GOTO,GOTO,GOTO,GOTO,GOTO,GOTO,GOTO,GOTO,GOTO,GOTO,GOTO,GOTO,GOTO,GOTO,GOTO,GOTO,GOTO,GOTO,GOTO,GOTO,GOTO,GOTO,GOTO,GOTO,GOTO,GOTO,GOTO,GOTO,GOTO,GOTO,GOTO,GOTO,GOTO,GOTO,GOTO,GOTO
State,;,.,program,identifier,(,),constant,=,var,:,begin,end,integer,real,boolean,string,",",:=,writeln,number,readln,while,do,repeat,until,for,to,downto,if,then,else,+,-,not,<>,<,<=,>,>=,or,*,/,div,mod,and,$,START',START,PROGRAM-HEADING,OPT-PROGRAM-PARAMETERS,PROGRAM-PARAMETERS,PROGRAM-BLOCK,CONSTANT-DECLARATION-PART,CONSTANT-DEFINITION,MORE-CONSTANT-DEFINITION,VARIABLE-DECLARATION-PART,MORE-VARIABLE-DECLARATION,VARIABLE-DECLARATION,STATEMENT-PART,TYPE,IDENTIFIER-LIST,MORE-IDENTIFIER,STATEMENT-SEQUENCE,MORE-STATEMENT,STATEMENT,SIMPLE-STATEMENT,ASSIGNMENT-STATEMENT,IO-STATEMENT,WRITELN-STATEMENT,OPT-ELEMENT-LIST,ELEMENT-LIST,MORE-ELEMENT,ELEMENT,READLN-STATEMENT,OPT-IDENTIFIER-LIST,STRUCTURED-STATEMENT,COMPOUND-STATEMENT,REPETITIVE-STATEMENT,WHILE-STATEMENT,REPEAT-STATEMENT,FOR-STATEMENT,TO-DOWNTO,CONDITIONAL-STATEMENT,OPT-ELSE,EXPRESSION,OPT-REL-EXPRESSION,SIMPLE-EXPRESSION,OPT-SIGN,MORE-ADD-TERM,TERM,MORE-MULT-TERM,FACTOR,RELATIONAL-OPERATOR,ADDITION-OPERATOR,MULTIPLICATION-OPERATOR
0,,,s3,,,,,,,,,,,,,,,,,,,,,,,,,,,,,,,,,,,,,,,,,,,,,1,2,,,,,,,,,,,,,,,,,,,,,,,,,,,,,,,,,,,,,,,,,,,,,,
1,,,,,,,,,,,,,,,,,,,,,,,,,,,,,,,,,,,,,,,,,,,,,,acc,,,,,,,,,,,,,,,,,,,,,,,,,,,,,,,,,,,,,,,,,,,,,,,,,
2,s4,,,,,,,,,,,,,,,,,,,,,,,,,,,,,,,,,,,,,,,,,,,,,,,,,,,,,,,,,,,,,,,,,,,,,,,,,,,,,,,,,,,,,,,,,,,,,,
3,,,,s5,,,,,,,,,,,,,,,,,,,,,,,,,,,,,,,,,,,,,,,,,,,,,,,,,,,,,,,,,,,,,,,,,,,,,,,,,,,,,,,,,,,,,,,,,,,
4,,r8,,,,,s8,,r8,,r8,,,,,,,,,,,,,,,,,,,,,,,,,,,,,,,,,,,,,,,,,6,7,,,,,,,,,,,,,,,,,,,,,,,,,,,,,,,,,,,,,,,,,,
5,r4,,,,s10,,,,,,,,,,,,,,,,,,,,,,,,,,,,,,,,,,,,,,,,,,,,,9,,,,,,,,,,,,,,,,,,,,,,,,,,,,,,,,,,,,,,,,,,,,,
6,,s11,,,,,,,,,,,,,,,,,,,,,,,,,,,,,,,,,,,,,,,,,,,,,,,,,,,,,,,,,,,,,,,,,,,,,,,,,,,,,,,,,,,,,,,,,,,,,
7,,,,,,,,,s13,,r13,,,,,,,,,,,,,,,,,,,,,,,,,,,,,,,,,,,,,,,,,,,,,12,,,,,,,,,,,,,,,,,,,,,,,,,,,,,,,,,,,,,,,
8,,,,s15,,,,,,,,,,,,,,,,,,,,,,,,,,,,,,,,,,,,,,,,,,,,,,,,,,14,,,,,,,,,,,,,,,,,,,,,,,,,,,,,,,,,,,,,,,,,
9,r2,,,,,,,,,,,,,,,,,,,,,,,,,,,,,,,,,,,,,,,,,,,,,,,,,,,,,,,,,,,,,,,,,,,,,,,,,,,,,,,,,,,,,,,,,,,,,,
10,,,,s18,,,,,,,,,,,,,,,,,,,,,,,,,,,,,,,,,,,,,,,,,,,,,,,16,,,,,,,,,,17,,,,,,,,,,,,,,,,,,,,,,,,,,,,,,,,,,
11,,,,,,,,,,,,,,,,,,,,,,,,,,,,,,,,,,,,,,,,,,,,,,r1,,,,,,,,,,,,,,,,,,,,,,,,,,,,,,,,,,,,,,,,,,,,,,,,,
12,,,,,,,,,,,s20,,,,,,,,,,,,,,,,,,,,,,,,,,,,,,,,,,,,,,,,,,,,,,,,19,,,,,,,,,,,,,,,,,,,,,,,,,,,,,,,,,,,,
13,,,,s23,,,,,,,,,,,,,,,,,,,,,,,,,,,,,,,,,,,,,,,,,,,,,,,,,,,,,,21,,,22,,,,,,,,,,,,,,,,,,,,,,,,,,,,,,,,,,
14,s24,,,,,,,,,,,,,,,,,,,,,,,,,,,,,,,,,,,,,,,,,,,,,,,,,,,,,,,,,,,,,,,,,,,,,,,,,,,,,,,,,,,,,,,,,,,,,,
15,,,,,,,,s25,,,,,,,,,,,,,,,,,,,,,,,,,,,,,,,,,,,,,,,,,,,,,,,,,,,,,,,,,,,,,,,,,,,,,,,,,,,,,,,,,,,,,,,
16,,,,,,s26,,,,,,,,,,,,,,,,,,,,,,,,,,,,,,,,,,,,,,,,,,,,,,,,,,,,,,,,,,,,,,,,,,,,,,,,,,,,,,,,,,,,,,,,,
17,,,,,,r5,,,,,,,,,,,,,,,,,,,,,,,,,,,,,,,,,,,,,,,,,,,,,,,,,,,,,,,,,,,,,,,,,,,,,,,,,,,,,,,,,,,,,,,,,
18,,,,,,r24,,,,,,,,,,,s28,,,,,,,,,,,,,,,,,,,,,,,,,,,,,,,,,,,,,,,,,,,,,27,,,,,,,,,,,,,,,,,,,,,,,,,,,,,,,,,
19,,r6,,,,,,,,,,,,,,,,,,,,,,,,,,,,,,,,,,,,,,,,,,,,,,,,,,,,,,,,,,,,,,,,,,,,,,,,,,,,,,,,,,,,,,,,,,,,,
20,,,,s38,,,,,,,s41,,,,,,,,s46,,s47,s48,,s49,,s50,,,s45,,,,,,,,,,,,,,,,,,,,,,,,,,,,,,,,,,29,,30,31,33,34,39,,,,,40,,32,35,36,42,43,44,,37,,,,,,,,,,,,
21,s51,,,,,,,,,,,,,,,,,,,,,,,,,,,,,,,,,,,,,,,,,,,,,,,,,,,,,,,,,,,,,,,,,,,,,,,,,,,,,,,,,,,,,,,,,,,,,,
22,,,,,,,,,,s52,,,,,,,,,,,,,,,,,,,,,,,,,,,,,,,,,,,,,,,,,,,,,,,,,,,,,,,,,,,,,,,,,,,,,,,,,,,,,,,,,,,,,
23,,,,,,,,,,r24,,,,,,,s54,,,,,,,,,,,,,,,,,,,,,,,,,,,,,,,,,,,,,,,,,,,,,53,,,,,,,,,,,,,,,,,,,,,,,,,,,,,,,,,
24,,r11,,s15,,,,,r11,,r11,,,,,,,,,,,,,,,,,,,,,,,,,,,,,,,,,,,,,,,,,,,56,55,,,,,,,,,,,,,,,,,,,,,,,,,,,,,,,,,,,,,,,,
25,,,,r68,r68,,,,,,,,,,,r68,,,,r68,,,,,,,,,,,,s60,s61,r68,,,,,,,,,,,,,,,,,,,,,,,,,,,,,,,,,,,,,,,,,,,,,,,,,,,57,,58,59,,,,,,,
26,r3,,,,,,,,,,,,,,,,,,,,,,,,,,,,,,,,,,,,,,,,,,,,,,,,,,,,,,,,,,,,,,,,,,,,,,,,,,,,,,,,,,,,,,,,,,,,,,
27,,,,,,r22,,,,,,,,,,,,,,,,,,,,,,,,,,,,,,,,,,,,,,,,,,,,,,,,,,,,,,,,,,,,,,,,,,,,,,,,,,,,,,,,,,,,,,,,,
28,,,,s62,,,,,,,,,,,,,,,,,,,,,,,,,,,,,,,,,,,,,,,,,,,,,,,,,,,,,,,,,,,,,,,,,,,,,,,,,,,,,,,,,,,,,,,,,,,
29,,,,,,,,,,,,s63,,,,,,,,,,,,,,,,,,,,,,,,,,,,,,,,,,,,,,,,,,,,,,,,,,,,,,,,,,,,,,,,,,,,,,,,,,,,,,,,,,,
30,s64,,,,,,,,,,,,,,,,,,,,,,,,,,,,,,,,,,,,,,,,,,,,,,,,,,,,,,,,,,,,,,,,,,,,,,,,,,,,,,,,,,,,,,,,,,,,,,
31,r28,,,,,,,,,,,,,,,,,,,,,,,,,,,,,,,,,,,,,,,,,,,,,,,,,,,,,,,,,,,,,,,,,,,,,,,,,,,,,,,,,,,,,,,,,,,,,,
32,r29,,,,,,,,,,,,,,,,,,,,,,,,,,,,,,,,,,,,,,,,,,,,,,,,,,,,,,,,,,,,,,,,,,,,,,,,,,,,,,,,,,,,,,,,,,,,,,
33,r30,,,,,,,,,,,,,,,,,,,,,,,,,,,,,,,,,,,,,,,,,,,,,,,,,,,,,,,,,,,,,,,,,,,,,,,,,,,,,,,,,,,,,,,,,,,,,,
34,r31,,,,,,,,,,,,,,,,,,,,,,,,,,,,,,,,,,,,,,,,,,,,,,,,,,,,,,,,,,,,,,,,,,,,,,,,,,,,,,,,,,,,,,,,,,,,,,
35,r47,,,,,,,,,,,,,,,,,,,,,,,,,,,,,,,,,,,,,,,,,,,,,,,,,,,,,,,,,,,,,,,,,,,,,,,,,,,,,,,,,,,,,,,,,,,,,,
36,r48,,,,,,,,,,,,,,,,,,,,,,,,,,,,,,,,,,,,,,,,,,,,,,,,,,,,,,,,,,,,,,,,,,,,,,,,,,,,,,,,,,,,,,,,,,,,,,
37,r49,,,,,,,,,,,,,,,,,,,,,,,,,,,,,,,,,,,,,,,,,,,,,,,,,,,,,,,,,,,,,,,,,,,,,,,,,,,,,,,,,,,,,,,,,,,,,,
38,,,,,,,,,,,,,,,,,,s65,,,,,,,,,,,,,,,,,,,,,,,,,,,,,,,,,,,,,,,,,,,,,,,,,,,,,,,,,,,,,,,,,,,,,,,,,,,,,
39,r33,,,,,,,,,,,,,,,,,,,,,,,,,,,,,,,,,,,,,,,,,,,,,,,,,,,,,,,,,,,,,,,,,,,,,,,,,,,,,,,,,,,,,,,,,,,,,,
40,r34,,,,,,,,,,,,,,,,,,,,,,,,,,,,,,,,,,,,,,,,,,,,,,,,,,,,,,,,,,,,,,,,,,,,,,,,,,,,,,,,,,,,,,,,,,,,,,
41,,,,s38,,,,,,,s41,,,,,,,,s46,,s47,s48,,s49,,s50,,,s45,,,,,,,,,,,,,,,,,,,,,,,,,,,,,,,,,,66,,30,31,33,34,39,,,,,40,,32,35,36,42,43,44,,37,,,,,,,,,,,,
42,r51,,,,,,,,,,,,,,,,,,,,,,,,,,,,,,,,,,,,,,,,,,,,,,,,,,,,,,,,,,,,,,,,,,,,,,,,,,,,,,,,,,,,,,,,,,,,,,
43,r52,,,,,,,,,,,,,,,,,,,,,,,,,,,,,,,,,,,,,,,,,,,,,,,,,,,,,,,,,,,,,,,,,,,,,,,,,,,,,,,,,,,,,,,,,,,,,,
44,r53,,,,,,,,,,,,,,,,,,,,,,,,,,,,,,,,,,,,,,,,,,,,,,,,,,,,,,,,,,,,,,,,,,,,,,,,,,,,,,,,,,,,,,,,,,,,,,
45,,,,r68,r68,,,,,,,,,,,r68,,,,r68,,,,,,,,,,,,s60,s61,r68,,,,,,,,,,,,,,,,,,,,,,,,,,,,,,,,,,,,,,,,,,,,,,,,,,,67,,68,69,,,,,,,
46,,,,,s70,,,,,,,,,,,,,,,,,,,,,,,,,,,,,,,,,,,,,,,,,,,,,,,,,,,,,,,,,,,,,,,,,,,,,,,,,,,,,,,,,,,,,,,,,,
47,r46,,,,s72,,,,,,,,,,,,,,,,,,,,,,,,,,,,,,,,,,,,,,,,,,,,,,,,,,,,,,,,,,,,,,,,,,,,,,71,,,,,,,,,,,,,,,,,,,,
48,,,,r68,r68,,,,,,,,,,,r68,,,,r68,,,,,,,,,,,,s60,s61,r68,,,,,,,,,,,,,,,,,,,,,,,,,,,,,,,,,,,,,,,,,,,,,,,,,,,73,,74,75,,,,,,,
49,,,,s38,,,,,,,s41,,,,,,,,s46,,s47,s48,,s49,,s50,,,s45,,,,,,,,,,,,,,,,,,,,,,,,,,,,,,,,,,76,,77,31,33,34,39,,,,,40,,32,35,36,42,43,44,,37,,,,,,,,,,,,
50,,,,s78,,,,,,,,,,,,,,,,,,,,,,,,,,,,,,,,,,,,,,,,,,,,,,,,,,,,,,,,,,,,,,,,,,,,,,,,,,,,,,,,,,,,,,,,,,,
51,,,,s23,,,,,,,r15,,,,,,,,,,,,,,,,,,,,,,,,,,,,,,,,,,,,,,,,,,,,,,79,80,,,22,,,,,,,,,,,,,,,,,,,,,,,,,,,,,,,,,,
52,,,,,,,,,,,,,s82,s83,s84,s85,,,,,,,,,,,,,,,,,,,,,,,,,,,,,,,,,,,,,,,,,,,,81,,,,,,,,,,,,,,,,,,,,,,,,,,,,,,,,,,,
53,,,,,,,,,,r22,,,,,,,,,,,,,,,,,,,,,,,,,,,,,,,,,,,,,,,,,,,,,,,,,,,,,,,,,,,,,,,,,,,,,,,,,,,,,,,,,,,,,
54,,,,s86,,,,,,,,,,,,,,,,,,,,,,,,,,,,,,,,,,,,,,,,,,,,,,,,,,,,,,,,,,,,,,,,,,,,,,,,,,,,,,,,,,,,,,,,,,,
55,,r7,,,,,,,r7,,r7,,,,,,,,,,,,,,,,,,,,,,,,,,,,,,,,,,,,,,,,,,,,,,,,,,,,,,,,,,,,,,,,,,,,,,,,,,,,,,,,,,,,
56,s87,,,,,,,,,,,,,,,,,,,,,,,,,,,,,,,,,,,,,,,,,,,,,,,,,,,,,,,,,,,,,,,,,,,,,,,,,,,,,,,,,,,,,,,,,,,,,,
57,r9,,,,,,,,,,,,,,,,,,,,,,,,,,,,,,,,,,,,,,,,,,,,,,,,,,,,,,,,,,,,,,,,,,,,,,,,,,,,,,,,,,,,,,,,,,,,,,
58,r64,,,,,,,s90,,,,,,,,,,,,,,,,,,,,,,,,,,,s91,s92,s93,s94,s95,,,,,,,,,,,,,,,,,,,,,,,,,,,,,,,,,,,,,,,,,,,,,,,88,,,,,,,89,,
59,,,,s98,s101,,,,,,,,,,,s100,,,,s99,,,,,,,,,,,,,,s102,,,,,,,,,,,,,,,,,,,,,,,,,,,,,,,,,,,,,,,,,,,,,,,,,,,,,,,,96,,97,,,
60,,,,r66,r66,,,,,,,,,,,r66,,,,r66,,,,,,,,,,,,,,r66,,,,,,,,,,,,,,,,,,,,,,,,,,,,,,,,,,,,,,,,,,,,,,,,,,,,,,,,,,,,,
61,,,,r67,r67,,,,,,,,,,,r67,,,,r67,,,,,,,,,,,,,,r67,,,,,,,,,,,,,,,,,,,,,,,,,,,,,,,,,,,,,,,,,,,,,,,,,,,,,,,,,,,,,
62,,,,,,r24,,,,,,,,,,,s28,,,,,,,,,,,,,,,,,,,,,,,,,,,,,,,,,,,,,,,,,,,,,103,,,,,,,,,,,,,,,,,,,,,,,,,,,,,,,,,
63,,r17,,,,,,,,,,,,,,,,,,,,,,,,,,,,,,,,,,,,,,,,,,,,,,,,,,,,,,,,,,,,,,,,,,,,,,,,,,,,,,,,,,,,,,,,,,,,,
64,,,,s38,,,,,,,s41,r27,,,,,,,s46,,s47,s48,,s49,,s50,,,s45,,,,,,,,,,,,,,,,,,,,,,,,,,,,,,,,,,,104,105,31,33,34,39,,,,,40,,32,35,36,42,43,44,,37,,,,,,,,,,,,
65,,,,r68,r68,,,,,,,,,,,r68,,,,r68,,,,,,,,,,,,s60,s61,r68,,,,,,,,,,,,,,,,,,,,,,,,,,,,,,,,,,,,,,,,,,,,,,,,,,,106,,58,59,,,,,,,
66,,,,,,,,,,,,s107,,,,,,,,,,,,,,,,,,,,,,,,,,,,,,,,,,,,,,,,,,,,,,,,,,,,,,,,,,,,,,,,,,,,,,,,,,,,,,,,,,,
67,,,,,,,,,,,,,,,,,,,,,,,,,,,,,,s108,,,,,,,,,,,,,,,,,,,,,,,,,,,,,,,,,,,,,,,,,,,,,,,,,,,,,,,,,,,,,,,,,
68,,,,,,,,s111,,,,,,,,,,,,,,,,,,,,,,r64,,,,,s112,s113,s114,s115,s116,,,,,,,,,,,,,,,,,,,,,,,,,,,,,,,,,,,,,,,,,,,,,,,109,,,,,,,110,,
69,,,,s119,s122,,,,,,,,,,,s121,,,,s120,,,,,,,,,,,,,,s123,,,,,,,,,,,,,,,,,,,,,,,,,,,,,,,,,,,,,,,,,,,,,,,,,,,,,,,,117,,118,,,
70,,,,s129,,r37,,,,,,,,,,s128,,,,s127,,,,,,,,,,,,,,,,,,,,,,,,,,,,,,,,,,,,,,,,,,,,,,,,,,124,125,,126,,,,,,,,,,,,,,,,,,,,,,
71,r44,,,,,,,,,,,,,,,,,,,,,,,,,,,,,,,,,,,,,,,,,,,,,,,,,,,,,,,,,,,,,,,,,,,,,,,,,,,,,,,,,,,,,,,,,,,,,,
72,,,,s18,,,,,,,,,,,,,,,,,,,,,,,,,,,,,,,,,,,,,,,,,,,,,,,,,,,,,,,,,130,,,,,,,,,,,,,,,,,,,,,,,,,,,,,,,,,,
73,,,,,,,,,,,,,,,,,,,,,,,s131,,,,,,,,,,,,,,,,,,,,,,,,,,,,,,,,,,,,,,,,,,,,,,,,,,,,,,,,,,,,,,,,,,,,,,,,
74,,,,,,,,s134,,,,,,,,,,,,,,,r64,,,,,,,,,,,,s135,s136,s137,s138,s139,,,,,,,,,,,,,,,,,,,,,,,,,,,,,,,,,,,,,,,,,,,,,,,132,,,,,,,133,,
75,,,,s142,s145,,,,,,,,,,,s144,,,,s143,,,,,,,,,,,,,,s146,,,,,,,,,,,,,,,,,,,,,,,,,,,,,,,,,,,,,,,,,,,,,,,,,,,,,,,,140,,141,,,
76,,,,,,,,,,,,,,,,,,,,,,,,,s147,,,,,,,,,,,,,,,,,,,,,,,,,,,,,,,,,,,,,,,,,,,,,,,,,,,,,,,,,,,,,,,,,,,,,,
77,s148,,,,,,,,,,,,,,,,,,,,,,,,,,,,,,,,,,,,,,,,,,,,,,,,,,,,,,,,,,,,,,,,,,,,,,,,,,,,,,,,,,,,,,,,,,,,,,
78,,,,,,,,,,,,,,,,,,s149,,,,,,,,,,,,,,,,,,,,,,,,,,,,,,,,,,,,,,,,,,,,,,,,,,,,,,,,,,,,,,,,,,,,,,,,,,,,,
79,,,,,,,,,,,r12,,,,,,,,,,,,,,,,,,,,,,,,,,,,,,,,,,,,,,,,,,,,,,,,,,,,,,,,,,,,,,,,,,,,,,,,,,,,,,,,,,,,
80,s150,,,,,,,,,,,,,,,,,,,,,,,,,,,,,,,,,,,,,,,,,,,,,,,,,,,,,,,,,,,,,,,,,,,,,,,,,,,,,,,,,,,,,,,,,,,,,,
81,r16,,,,,,,,,,,,,,,,,,,,,,,,,,,,,,,,,,,,,,,,,,,,,,,,,,,,,,,,,,,,,,,,,,,,,,,,,,,,,,,,,,,,,,,,,,,,,,
82,r18,,,,,,,,,,,,,,,,,,,,,,,,,,,,,,,,,,,,,,,,,,,,,,,,,,,,,,,,,,,,,,,,,,,,,,,,,,,,,,,,,,,,,,,,,,,,,,
83,r19,,,,,,,,,,,,,,,,,,,,,,,,,,,,,,,,,,,,,,,,,,,,,,,,,,,,,,,,,,,,,,,,,,,,,,,,,,,,,,,,,,,,,,,,,,,,,,
84,r20,,,,,,,,,,,,,,,,,,,,,,,,,,,,,,,,,,,,,,,,,,,,,,,,,,,,,,,,,,,,,,,,,,,,,,,,,,,,,,,,,,,,,,,,,,,,,,
85,r21,,,,,,,,,,,,,,,,,,,,,,,,,,,,,,,,,,,,,,,,,,,,,,,,,,,,,,,,,,,,,,,,,,,,,,,,,,,,,,,,,,,,,,,,,,,,,,
86,,,,,,,,,,r24,,,,,,,s54,,,,,,,,,,,,,,,,,,,,,,,,,,,,,,,,,,,,,,,,,,,,,151,,,,,,,,,,,,,,,,,,,,,,,,,,,,,,,,,
87,,r11,,s15,,,,,r11,,r11,,,,,,,,,,,,,,,,,,,,,,,,,,,,,,,,,,,,,,,,,,,56,152,,,,,,,,,,,,,,,,,,,,,,,,,,,,,,,,,,,,,,,,
88,r62,,,,,,,,,,,,,,,,,,,,,,,,,,,,,,,,,,,,,,,,,,,,,,,,,,,,,,,,,,,,,,,,,,,,,,,,,,,,,,,,,,,,,,,,,,,,,,
89,,,,r68,r68,,,,,,,,,,,r68,,,,r68,,,,,,,,,,,,s60,s61,r68,,,,,,,,,,,,,,,,,,,,,,,,,,,,,,,,,,,,,,,,,,,,,,,,,,,,,153,154,,,,,,,
90,r79,,,r79,r79,,,,,,,,,,,r79,,,,r79,,,,,,,,,,,,r79,r79,r79,,,,,,,,,,,,,,,,,,,,,,,,,,,,,,,,,,,,,,,,,,,,,,,,,,,,,,,,,,,,,
91,r80,,,r80,r80,,,,,,,,,,,r80,,,,r80,,,,,,,,,,,,r80,r80,r80,,,,,,,,,,,,,,,,,,,,,,,,,,,,,,,,,,,,,,,,,,,,,,,,,,,,,,,,,,,,,
92,r81,,,r81,r81,,,,,,,,,,,r81,,,,r81,,,,,,,,,,,,r81,r81,r81,,,,,,,,,,,,,,,,,,,,,,,,,,,,,,,,,,,,,,,,,,,,,,,,,,,,,,,,,,,,,
93,r82,,,r82,r82,,,,,,,,,,,r82,,,,r82,,,,,,,,,,,,r82,r82,r82,,,,,,,,,,,,,,,,,,,,,,,,,,,,,,,,,,,,,,,,,,,,,,,,,,,,,,,,,,,,,
94,r83,,,r83,r83,,,,,,,,,,,r83,,,,r83,,,,,,,,,,,,r83,r83,r83,,,,,,,,,,,,,,,,,,,,,,,,,,,,,,,,,,,,,,,,,,,,,,,,,,,,,,,,,,,,,
95,r84,,,r84,r84,,,,,,,,,,,r84,,,,r84,,,,,,,,,,,,r84,r84,r84,,,,,,,,,,,,,,,,,,,,,,,,,,,,,,,,,,,,,,,,,,,,,,,,,,,,,,,,,,,,,
96,r70,,,,,,,r70,,,,,,,,,,,,,,,,,,,,,,,,s157,s158,,r70,r70,r70,r70,r70,s159,,,,,,,,,,,,,,,,,,,,,,,,,,,,,,,,,,,,,,,,,,,,,,,,,155,,,,,156,
97,r73,,,,,,,r73,,,,,,,,,,,,,,,,,,,,,,,,r73,r73,,r73,r73,r73,r73,r73,r73,s162,s163,s164,s165,s166,,,,,,,,,,,,,,,,,,,,,,,,,,,,,,,,,,,,,,,,,,,,,,160,,,,161
98,r74,,,,,,,r74,,,,,,,,,,,,,,,,,,,,,,,,r74,r74,,r74,r74,r74,r74,r74,r74,r74,r74,r74,r74,r74,,,,,,,,,,,,,,,,,,,,,,,,,,,,,,,,,,,,,,,,,,,,,,,,,,
99,r75,,,,,,,r75,,,,,,,,,,,,,,,,,,,,,,,,r75,r75,,r75,r75,r75,r75,r75,r75,r75,r75,r75,r75,r75,,,,,,,,,,,,,,,,,,,,,,,,,,,,,,,,,,,,,,,,,,,,,,,,,,
100,r76,,,,,,,r76,,,,,,,,,,,,,,,,,,,,,,,,r76,r76,,r76,r76,r76,r76,r76,r76,r76,r76,r76,r76,r76,,,,,,,,,,,,,,,,,,,,,,,,,,,,,,,,,,,,,,,,,,,,,,,,,,
101,,,,r68,r68,,,,,,,,,,,r68,,,,r68,,,,,,,,,,,,s60,s61,r68,,,,,,,,,,,,,,,,,,,,,,,,,,,,,,,,,,,,,,,,,,,,,,,,,,,167,,168,169,,,,,,,
102,,,,s98,s101,,,,,,,,,,,s100,,,,s99,,,,,,,,,,,,,,s102,,,,,,,,,,,,,,,,,,,,,,,,,,,,,,,,,,,,,,,,,,,,,,,,,,,,,,,,,,170,,,
103,,,,,,r23,,,,,,,,,,,,,,,,,,,,,,,,,,,,,,,,,,,,,,,,,,,,,,,,,,,,,,,,,,,,,,,,,,,,,,,,,,,,,,,,,,,,,,,,,
104,,,,,,,,,,,,r25,,,,,,,,,,,,,,,,,,,,,,,,,,,,,,,,,,,,,,,,,,,,,,,,,,,,,,,,,,,,,,,,,,,,,,,,,,,,,,,,,,,
105,s171,,,,,,,,,,,,,,,,,,,,,,,,,,,,,,,,,,,,,,,,,,,,,,,,,,,,,,,,,,,,,,,,,,,,,,,,,,,,,,,,,,,,,,,,,,,,,,
106,r32,,,,,,,,,,,,,,,,,,,,,,,,,,,,,,,,,,,,,,,,,,,,,,,,,,,,,,,,,,,,,,,,,,,,,,,,,,,,,,,,,,,,,,,,,,,,,,
107,r50,,,,,,,,,,,,,,,,,,,,,,,,,,,,,,,,,,,,,,,,,,,,,,,,,,,,,,,,,,,,,,,,,,,,,,,,,,,,,,,,,,,,,,,,,,,,,,
108,,,,s180,,,,,,,s183,,,,,,,,s188,,s189,s190,,s191,,s192,,,s187,,,,,,,,,,,,,,,,,,,,,,,,,,,,,,,,,,,,172,173,175,176,181,,,,,182,,174,177,178,184,185,186,,179,,,,,,,,,,,,
109,,,,,,,,,,,,,,,,,,,,,,,,,,,,,,r62,,,,,,,,,,,,,,,,,,,,,,,,,,,,,,,,,,,,,,,,,,,,,,,,,,,,,,,,,,,,,,,,,
110,,,,r68,r68,,,,,,,,,,,r68,,,,r68,,,,,,,,,,,,s60,s61,r68,,,,,,,,,,,,,,,,,,,,,,,,,,,,,,,,,,,,,,,,,,,,,,,,,,,,,193,194,,,,,,,
111,,,,r79,r79,,,,,,,,,,,r79,,,,r79,,,,,,,,,,r79,,r79,r79,r79,,,,,,,,,,,,,,,,,,,,,,,,,,,,,,,,,,,,,,,,,,,,,,,,,,,,,,,,,,,,,
112,,,,r80,r80,,,,,,,,,,,r80,,,,r80,,,,,,,,,,r80,,r80,r80,r80,,,,,,,,,,,,,,,,,,,,,,,,,,,,,,,,,,,,,,,,,,,,,,,,,,,,,,,,,,,,,
113,,,,r81,r81,,,,,,,,,,,r81,,,,r81,,,,,,,,,,r81,,r81,r81,r81,,,,,,,,,,,,,,,,,,,,,,,,,,,,,,,,,,,,,,,,,,,,,,,,,,,,,,,,,,,,,
114,,,,r82,r82,,,,,,,,,,,r82,,,,r82,,,,,,,,,,r82,,r82,r82,r82,,,,,,,,,,,,,,,,,,,,,,,,,,,,,,,,,,,,,,,,,,,,,,,,,,,,,,,,,,,,,
115,,,,r83,r83,,,,,,,,,,,r83,,,,r83,,,,,,,,,,r83,,r83,r83,r83,,,,,,,,,,,,,,,,,,,,,,,,,,,,,,,,,,,,,,,,,,,,,,,,,,,,,,,,,,,,,
116,,,,r84,r84,,,,,,,,,,,r84,,,,r84,,,,,,,,,,r84,,r84,r84,r84,,,,,,,,,,,,,,,,,,,,,,,,,,,,,,,,,,,,,,,,,,,,,,,,,,,,,,,,,,,,,
117,,,,,,,,r70,,,,,,,,,,,,,,,,,,,,,,r70,,s157,s158,,r70,r70,r70,r70,r70,s159,,,,,,,,,,,,,,,,,,,,,,,,,,,,,,,,,,,,,,,,,,,,,,,,,195,,,,,196,
118,,,,,,,,r73,,,,,,,,,,,,,,,,,,,,,,r73,,r73,r73,,r73,r73,r73,r73,r73,r73,s162,s163,s164,s165,s166,,,,,,,,,,,,,,,,,,,,,,,,,,,,,,,,,,,,,,,,,,,,,,197,,,,198
119,,,,,,,,r74,,,,,,,,,,,,,,,,,,,,,,r74,,r74,r74,,r74,r74,r74,r74,r74,r74,r74,r74,r74,r74,r74,,,,,,,,,,,,,,,,,,,,,,,,,,,,,,,,,,,,,,,,,,,,,,,,,,
120,,,,,,,,r75,,,,,,,,,,,,,,,,,,,,,,r75,,r75,r75,,r75,r75,r75,r75,r75,r75,r75,r75,r75,r75,r75,,,,,,,,,,,,,,,,,,,,,,,,,,,,,,,,,,,,,,,,,,,,,,,,,,
121,,,,,,,,r76,,,,,,,,,,,,,,,,,,,,,,r76,,r76,r76,,r76,r76,r76,r76,r76,r76,r76,r76,r76,r76,r76,,,,,,,,,,,,,,,,,,,,,,,,,,,,,,,,,,,,,,,,,,,,,,,,,,
122,,,,r68,r68,,,,,,,,,,,r68,,,,r68,,,,,,,,,,,,s60,s61,r68,,,,,,,,,,,,,,,,,,,,,,,,,,,,,,,,,,,,,,,,,,,,,,,,,,,199,,168,169,,,,,,,
123,,,,s119,s122,,,,,,,,,,,s121,,,,s120,,,,,,,,,,,,,,s123,,,,,,,,,,,,,,,,,,,,,,,,,,,,,,,,,,,,,,,,,,,,,,,,,,,,,,,,,,200,,,
124,,,,,,s201,,,,,,,,,,,,,,,,,,,,,,,,,,,,,,,,,,,,,,,,,,,,,,,,,,,,,,,,,,,,,,,,,,,,,,,,,,,,,,,,,,,,,,,,,
125,,,,,,r36,,,,,,,,,,,,,,,,,,,,,,,,,,,,,,,,,,,,,,,,,,,,,,,,,,,,,,,,,,,,,,,,,,,,,,,,,,,,,,,,,,,,,,,,,
126,,,,,,r40,,,,,,,,,,,s203,,,,,,,,,,,,,,,,,,,,,,,,,,,,,,,,,,,,,,,,,,,,,,,,,,,,,,,202,,,,,,,,,,,,,,,,,,,,,,,
127,,,,,,r41,,,,,,,,,,,r41,,,,,,,,,,,,,,,,,,,,,,,,,,,,,,,,,,,,,,,,,,,,,,,,,,,,,,,,,,,,,,,,,,,,,,,,,,,,,,
128,,,,,,r42,,,,,,,,,,,r42,,,,,,,,,,,,,,,,,,,,,,,,,,,,,,,,,,,,,,,,,,,,,,,,,,,,,,,,,,,,,,,,,,,,,,,,,,,,,,
129,,,,,,r43,,,,,,,,,,,r43,,,,,,,,,,,,,,,,,,,,,,,,,,,,,,,,,,,,,,,,,,,,,,,,,,,,,,,,,,,,,,,,,,,,,,,,,,,,,,
130,,,,,,s204,,,,,,,,,,,,,,,,,,,,,,,,,,,,,,,,,,,,,,,,,,,,,,,,,,,,,,,,,,,,,,,,,,,,,,,,,,,,,,,,,,,,,,,,,
131,,,,s38,,,,,,,s41,,,,,,,,s46,,s47,s48,,s49,,s50,,,s45,,,,,,,,,,,,,,,,,,,,,,,,,,,,,,,,,,,,205,31,33,34,39,,,,,40,,32,35,36,42,43,44,,37,,,,,,,,,,,,
132,,,,,,,,,,,,,,,,,,,,,,,r62,,,,,,,,,,,,,,,,,,,,,,,,,,,,,,,,,,,,,,,,,,,,,,,,,,,,,,,,,,,,,,,,,,,,,,,,
133,,,,r68,r68,,,,,,,,,,,r68,,,,r68,,,,,,,,,,,,s60,s61,r68,,,,,,,,,,,,,,,,,,,,,,,,,,,,,,,,,,,,,,,,,,,,,,,,,,,,,206,207,,,,,,,
134,,,,r79,r79,,,,,,,,,,,r79,,,,r79,,,r79,,,,,,,,,r79,r79,r79,,,,,,,,,,,,,,,,,,,,,,,,,,,,,,,,,,,,,,,,,,,,,,,,,,,,,,,,,,,,,
135,,,,r80,r80,,,,,,,,,,,r80,,,,r80,,,r80,,,,,,,,,r80,r80,r80,,,,,,,,,,,,,,,,,,,,,,,,,,,,,,,,,,,,,,,,,,,,,,,,,,,,,,,,,,,,,
136,,,,r81,r81,,,,,,,,,,,r81,,,,r81,,,r81,,,,,,,,,r81,r81,r81,,,,,,,,,,,,,,,,,,,,,,,,,,,,,,,,,,,,,,,,,,,,,,,,,,,,,,,,,,,,,
137,,,,r82,r82,,,,,,,,,,,r82,,,,r82,,,r82,,,,,,,,,r82,r82,r82,,,,,,,,,,,,,,,,,,,,,,,,,,,,,,,,,,,,,,,,,,,,,,,,,,,,,,,,,,,,,
138,,,,r83,r83,,,,,,,,,,,r83,,,,r83,,,r83,,,,,,,,,r83,r83,r83,,,,,,,,,,,,,,,,,,,,,,,,,,,,,,,,,,,,,,,,,,,,,,,,,,,,,,,,,,,,,
139,,,,r84,r84,,,,,,,,,,,r84,,,,r84,,,r84,,,,,,,,,r84,r84,r84,,,,,,,,,,,,,,,,,,,,,,,,,,,,,,,,,,,,,,,,,,,,,,,,,,,,,,,,,,,,,
140,,,,,,,,r70,,,,,,,,,,,,,,,r70,,,,,,,,,s157,s158,,r70,r70,r70,r70,r70,s159,,,,,,,,,,,,,,,,,,,,,,,,,,,,,,,,,,,,,,,,,,,,,,,,,208,,,,,209,
141,,,,,,,,r73,,,,,,,,,,,,,,,r73,,,,,,,,,r73,r73,,r73,r73,r73,r73,r73,r73,s162,s163,s164,s165,s166,,,,,,,,,,,,,,,,,,,,,,,,,,,,,,,,,,,,,,,,,,,,,,210,,,,211
142,,,,,,,,r74,,,,,,,,,,,,,,,r74,,,,,,,,,r74,r74,,r74,r74,r74,r74,r74,r74,r74,r74,r74,r74,r74,,,,,,,,,,,,,,,,,,,,,,,,,,,,,,,,,,,,,,,,,,,,,,,,,,
143,,,,,,,,r75,,,,,,,,,,,,,,,r75,,,,,,,,,r75,r75,,r75,r75,r75,r75,r75,r75,r75,r75,r75,r75,r75,,,,,,,,,,,,,,,,,,,,,,,,,,,,,,,,,,,,,,,,,,,,,,,,,,
144,,,,,,,,r76,,,,,,,,,,,,,,,r76,,,,,,,,,r76,r76,,r76,r76,r76,r76,r76,r76,r76,r76,r76,r76,r76,,,,,,,,,,,,,,,,,,,,,,,,,,,,,,,,,,,,,,,,,,,,,,,,,,
145,,,,r68,r68,,,,,,,,,,,r68,,,,r68,,,,,,,,,,,,s60,s61,r68,,,,,,,,,,,,,,,,,,,,,,,,,,,,,,,,,,,,,,,,,,,,,,,,,,,212,,168,169,,,,,,,
146,,,,s142,s145,,,,,,,,,,,s144,,,,s143,,,,,,,,,,,,,,s146,,,,,,,,,,,,,,,,,,,,,,,,,,,,,,,,,,,,,,,,,,,,,,,,,,,,,,,,,,213,,,
147,,,,r68,r68,,,,,,,,,,,r68,,,,r68,,,,,,,,,,,,s60,s61,r68,,,,,,,,,,,,,,,,,,,,,,,,,,,,,,,,,,,,,,,,,,,,,,,,,,,214,,58,59,,,,,,,
148,,,,s38,,,,,,,s41,,,,,,,,s46,,s47,s48,,s49,r27,s50,,,s45,,,,,,,,,,,,,,,,,,,,,,,,,,,,,,,,,,,215,216,31,33,34,39,,,,,40,,32,35,36,42,43,44,,37,,,,,,,,,,,,
149,,,,r68,r68,,,,,,,,,,,r68,,,,r68,,,,,,,,,,,,s60,s61,r68,,,,,,,,,,,,,,,,,,,,,,,,,,,,,,,,,,,,,,,,,,,,,,,,,,,217,,218,219,,,,,,,
150,,,,s23,,,,,,,r15,,,,,,,,,,,,,,,,,,,,,,,,,,,,,,,,,,,,,,,,,,,,,,220,80,,,22,,,,,,,,,,,,,,,,,,,,,,,,,,,,,,,,,,
151,,,,,,,,,,r23,,,,,,,,,,,,,,,,,,,,,,,,,,,,,,,,,,,,,,,,,,,,,,,,,,,,,,,,,,,,,,,,,,,,,,,,,,,,,,,,,,,,,
152,,r10,,,,,,,r10,,r10,,,,,,,,,,,,,,,,,,,,,,,,,,,,,,,,,,,,,,,,,,,,,,,,,,,,,,,,,,,,,,,,,,,,,,,,,,,,,,,,,,,,
153,r63,,,,,,,,,,,,,,,,,,,,,,,,,,,,,,,,,,,,,,,,,,,,,,,,,,,,,,,,,,,,,,,,,,,,,,,,,,,,,,,,,,,,,,,,,,,,,,
154,,,,s223,s226,,,,,,,,,,,s225,,,,s224,,,,,,,,,,,,,,s227,,,,,,,,,,,,,,,,,,,,,,,,,,,,,,,,,,,,,,,,,,,,,,,,,,,,,,,,221,,222,,,
155,r65,,,,,,,r65,,,,,,,,,,,,,,,,,,,,,,,,,,,r65,r65,r65,r65,r65,,,,,,,,,,,,,,,,,,,,,,,,,,,,,,,,,,,,,,,,,,,,,,,,,,,,,,,,
156,,,,s98,s101,,,,,,,,,,,s100,,,,s99,,,,,,,,,,,,,,s102,,,,,,,,,,,,,,,,,,,,,,,,,,,,,,,,,,,,,,,,,,,,,,,,,,,,,,,,228,,97,,,
157,,,,r85,r85,,,,,,,,,,,r85,,,,r85,,,,,,,,,,,,,,r85,,,,,,,,,,,,,,,,,,,,,,,,,,,,,,,,,,,,,,,,,,,,,,,,,,,,,,,,,,,,,
158,,,,r86,r86,,,,,,,,,,,r86,,,,r86,,,,,,,,,,,,,,r86,,,,,,,,,,,,,,,,,,,,,,,,,,,,,,,,,,,,,,,,,,,,,,,,,,,,,,,,,,,,,
159,,,,r87,r87,,,,,,,,,,,r87,,,,r87,,,,,,,,,,,,,,r87,,,,,,,,,,,,,,,,,,,,,,,,,,,,,,,,,,,,,,,,,,,,,,,,,,,,,,,,,,,,,
160,r71,,,,,,,r71,,,,,,,,,,,,,,,,,,,,,,,,r71,r71,,r71,r71,r71,r71,r71,r71,,,,,,,,,,,,,,,,,,,,,,,,,,,,,,,,,,,,,,,,,,,,,,,,,,,,,,,
161,,,,s98,s101,,,,,,,,,,,s100,,,,s99,,,,,,,,,,,,,,s102,,,,,,,,,,,,,,,,,,,,,,,,,,,,,,,,,,,,,,,,,,,,,,,,,,,,,,,,,,229,,,
162,,,,r88,r88,,,,,,,,,,,r88,,,,r88,,,,,,,,,,,,,,r88,,,,,,,,,,,,,,,,,,,,,,,,,,,,,,,,,,,,,,,,,,,,,,,,,,,,,,,,,,,,,
163,,,,r89,r89,,,,,,,,,,,r89,,,,r89,,,,,,,,,,,,,,r89,,,,,,,,,,,,,,,,,,,,,,,,,,,,,,,,,,,,,,,,,,,,,,,,,,,,,,,,,,,,,
164,,,,r90,r90,,,,,,,,,,,r90,,,,r90,,,,,,,,,,,,,,r90,,,,,,,,,,,,,,,,,,,,,,,,,,,,,,,,,,,,,,,,,,,,,,,,,,,,,,,,,,,,,
165,,,,r91,r91,,,,,,,,,,,r91,,,,r91,,,,,,,,,,,,,,r91,,,,,,,,,,,,,,,,,,,,,,,,,,,,,,,,,,,,,,,,,,,,,,,,,,,,,,,,,,,,,
166,,,,r92,r92,,,,,,,,,,,r92,,,,r92,,,,,,,,,,,,,,r92,,,,,,,,,,,,,,,,,,,,,,,,,,,,,,,,,,,,,,,,,,,,,,,,,,,,,,,,,,,,,
167,,,,,,s230,,,,,,,,,,,,,,,,,,,,,,,,,,,,,,,,,,,,,,,,,,,,,,,,,,,,,,,,,,,,,,,,,,,,,,,,,,,,,,,,,,,,,,,,,
168,,,,,,r64,,s233,,,,,,,,,,,,,,,,,,,,,,,,,,,s234,s235,s236,s237,s238,,,,,,,,,,,,,,,,,,,,,,,,,,,,,,,,,,,,,,,,,,,,,,,231,,,,,,,232,,
169,,,,s241,s244,,,,,,,,,,,s243,,,,s242,,,,,,,,,,,,,,s245,,,,,,,,,,,,,,,,,,,,,,,,,,,,,,,,,,,,,,,,,,,,,,,,,,,,,,,,239,,240,,,
170,r78,,,,,,,r78,,,,,,,,,,,,,,,,,,,,,,,,r78,r78,,r78,r78,r78,r78,r78,r78,r78,r78,r78,r78,r78,,,,,,,,,,,,,,,,,,,,,,,,,,,,,,,,,,,,,,,,,,,,,,,,,,
171,,,,s38,,,,,,,s41,r27,,,,,,,s46,,s47,s48,,s49,,s50,,,s45,,,,,,,,,,,,,,,,,,,,,,,,,,,,,,,,,,,246,105,31,33,34,39,,,,,40,,32,35,36,42,43,44,,37,,,,,,,,,,,,
172,r61,,,,,,,,,,,,,,,,,,,,,,,,,,,,,,s248,,,,,,,,,,,,,,,,,,,,,,,,,,,,,,,,,,,,,,,,,,,,,,,,,,,,,247,,,,,,,,,,,
173,r28,,,,,,,,,,,,,,,,,,,,,,,,,,,,,,r28,,,,,,,,,,,,,,,,,,,,,,,,,,,,,,,,,,,,,,,,,,,,,,,,,,,,,,,,,,,,,,,,
174,r29,,,,,,,,,,,,,,,,,,,,,,,,,,,,,,r29,,,,,,,,,,,,,,,,,,,,,,,,,,,,,,,,,,,,,,,,,,,,,,,,,,,,,,,,,,,,,,,,
175,r30,,,,,,,,,,,,,,,,,,,,,,,,,,,,,,r30,,,,,,,,,,,,,,,,,,,,,,,,,,,,,,,,,,,,,,,,,,,,,,,,,,,,,,,,,,,,,,,,
176,r31,,,,,,,,,,,,,,,,,,,,,,,,,,,,,,r31,,,,,,,,,,,,,,,,,,,,,,,,,,,,,,,,,,,,,,,,,,,,,,,,,,,,,,,,,,,,,,,,
177,r47,,,,,,,,,,,,,,,,,,,,,,,,,,,,,,r47,,,,,,,,,,,,,,,,,,,,,,,,,,,,,,,,,,,,,,,,,,,,,,,,,,,,,,,,,,,,,,,,
178,r48,,,,,,,,,,,,,,,,,,,,,,,,,,,,,,r48,,,,,,,,,,,,,,,,,,,,,,,,,,,,,,,,,,,,,,,,,,,,,,,,,,,,,,,,,,,,,,,,
179,r49,,,,,,,,,,,,,,,,,,,,,,,,,,,,,,r49,,,,,,,,,,,,,,,,,,,,,,,,,,,,,,,,,,,,,,,,,,,,,,,,,,,,,,,,,,,,,,,,
180,,,,,,,,,,,,,,,,,,s249,,,,,,,,,,,,,,,,,,,,,,,,,,,,,,,,,,,,,,,,,,,,,,,,,,,,,,,,,,,,,,,,,,,,,,,,,,,,,
181,r33,,,,,,,,,,,,,,,,,,,,,,,,,,,,,,r33,,,,,,,,,,,,,,,,,,,,,,,,,,,,,,,,,,,,,,,,,,,,,,,,,,,,,,,,,,,,,,,,
182,r34,,,,,,,,,,,,,,,,,,,,,,,,,,,,,,r34,,,,,,,,,,,,,,,,,,,,,,,,,,,,,,,,,,,,,,,,,,,,,,,,,,,,,,,,,,,,,,,,
183,,,,s38,,,,,,,s41,,,,,,,,s46,,s47,s48,,s49,,s50,,,s45,,,,,,,,,,,,,,,,,,,,,,,,,,,,,,,,,,250,,30,31,33,34,39,,,,,40,,32,35,36,42,43,44,,37,,,,,,,,,,,,
184,r51,,,,,,,,,,,,,,,,,,,,,,,,,,,,,,r51,,,,,,,,,,,,,,,,,,,,,,,,,,,,,,,,,,,,,,,,,,,,,,,,,,,,,,,,,,,,,,,,
185,r52,,,,,,,,,,,,,,,,,,,,,,,,,,,,,,r52,,,,,,,,,,,,,,,,,,,,,,,,,,,,,,,,,,,,,,,,,,,,,,,,,,,,,,,,,,,,,,,,
186,r53,,,,,,,,,,,,,,,,,,,,,,,,,,,,,,r53,,,,,,,,,,,,,,,,,,,,,,,,,,,,,,,,,,,,,,,,,,,,,,,,,,,,,,,,,,,,,,,,
187,,,,r68,r68,,,,,,,,,,,r68,,,,r68,,,,,,,,,,,,s60,s61,r68,,,,,,,,,,,,,,,,,,,,,,,,,,,,,,,,,,,,,,,,,,,,,,,,,,,251,,68,69,,,,,,,
188,,,,,s252,,,,,,,,,,,,,,,,,,,,,,,,,,,,,,,,,,,,,,,,,,,,,,,,,,,,,,,,,,,,,,,,,,,,,,,,,,,,,,,,,,,,,,,,,,
189,r46,,,,s254,,,,,,,,,,,,,,,,,,,,,,,,,,r46,,,,,,,,,,,,,,,,,,,,,,,,,,,,,,,,,,,,,,,,,,,,253,,,,,,,,,,,,,,,,,,,,
190,,,,r68,r68,,,,,,,,,,,r68,,,,r68,,,,,,,,,,,,s60,s61,r68,,,,,,,,,,,,,,,,,,,,,,,,,,,,,,,,,,,,,,,,,,,,,,,,,,,255,,74,75,,,,,,,
191,,,,s38,,,,,,,s41,,,,,,,,s46,,s47,s48,,s49,,s50,,,s45,,,,,,,,,,,,,,,,,,,,,,,,,,,,,,,,,,256,,77,31,33,34,39,,,,,40,,32,35,36,42,43,44,,37,,,,,,,,,,,,
192,,,,s257,,,,,,,,,,,,,,,,,,,,,,,,,,,,,,,,,,,,,,,,,,,,,,,,,,,,,,,,,,,,,,,,,,,,,,,,,,,,,,,,,,,,,,,,,,,
193,,,,,,,,,,,,,,,,,,,,,,,,,,,,,,r63,,,,,,,,,,,,,,,,,,,,,,,,,,,,,,,,,,,,,,,,,,,,,,,,,,,,,,,,,,,,,,,,,
194,,,,s260,s263,,,,,,,,,,,s262,,,,s261,,,,,,,,,,,,,,s264,,,,,,,,,,,,,,,,,,,,,,,,,,,,,,,,,,,,,,,,,,,,,,,,,,,,,,,,258,,259,,,
195,,,,,,,,r65,,,,,,,,,,,,,,,,,,,,,,r65,,,,,r65,r65,r65,r65,r65,,,,,,,,,,,,,,,,,,,,,,,,,,,,,,,,,,,,,,,,,,,,,,,,,,,,,,,,
196,,,,s119,s122,,,,,,,,,,,s121,,,,s120,,,,,,,,,,,,,,s123,,,,,,,,,,,,,,,,,,,,,,,,,,,,,,,,,,,,,,,,,,,,,,,,,,,,,,,,265,,118,,,
197,,,,,,,,r71,,,,,,,,,,,,,,,,,,,,,,r71,,r71,r71,,r71,r71,r71,r71,r71,r71,,,,,,,,,,,,,,,,,,,,,,,,,,,,,,,,,,,,,,,,,,,,,,,,,,,,,,,
198,,,,s119,s122,,,,,,,,,,,s121,,,,s120,,,,,,,,,,,,,,s123,,,,,,,,,,,,,,,,,,,,,,,,,,,,,,,,,,,,,,,,,,,,,,,,,,,,,,,,,,266,,,
199,,,,,,s267,,,,,,,,,,,,,,,,,,,,,,,,,,,,,,,,,,,,,,,,,,,,,,,,,,,,,,,,,,,,,,,,,,,,,,,,,,,,,,,,,,,,,,,,,
200,,,,,,,,r78,,,,,,,,,,,,,,,,,,,,,,r78,,r78,r78,,r78,r78,r78,r78,r78,r78,r78,r78,r78,r78,r78,,,,,,,,,,,,,,,,,,,,,,,,,,,,,,,,,,,,,,,,,,,,,,,,,,
201,r35,,,,,,,,,,,,,,,,,,,,,,,,,,,,,,,,,,,,,,,,,,,,,,,,,,,,,,,,,,,,,,,,,,,,,,,,,,,,,,,,,,,,,,,,,,,,,,
202,,,,,,r38,,,,,,,,,,,,,,,,,,,,,,,,,,,,,,,,,,,,,,,,,,,,,,,,,,,,,,,,,,,,,,,,,,,,,,,,,,,,,,,,,,,,,,,,,
203,,,,s129,,,,,,,,,,,,s128,,,,s127,,,,,,,,,,,,,,,,,,,,,,,,,,,,,,,,,,,,,,,,,,,,,,,,,,,,,268,,,,,,,,,,,,,,,,,,,,,,
204,r45,,,,,,,,,,,,,,,,,,,,,,,,,,,,,,,,,,,,,,,,,,,,,,,,,,,,,,,,,,,,,,,,,,,,,,,,,,,,,,,,,,,,,,,,,,,,,,
205,r54,,,,,,,,,,,,,,,,,,,,,,,,,,,,,,,,,,,,,,,,,,,,,,,,,,,,,,,,,,,,,,,,,,,,,,,,,,,,,,,,,,,,,,,,,,,,,,
206,,,,,,,,,,,,,,,,,,,,,,,r63,,,,,,,,,,,,,,,,,,,,,,,,,,,,,,,,,,,,,,,,,,,,,,,,,,,,,,,,,,,,,,,,,,,,,,,,
207,,,,s271,s274,,,,,,,,,,,s273,,,,s272,,,,,,,,,,,,,,s275,,,,,,,,,,,,,,,,,,,,,,,,,,,,,,,,,,,,,,,,,,,,,,,,,,,,,,,,269,,270,,,
208,,,,,,,,r65,,,,,,,,,,,,,,,r65,,,,,,,,,,,,r65,r65,r65,r65,r65,,,,,,,,,,,,,,,,,,,,,,,,,,,,,,,,,,,,,,,,,,,,,,,,,,,,,,,,
209,,,,s142,s145,,,,,,,,,,,s144,,,,s143,,,,,,,,,,,,,,s146,,,,,,,,,,,,,,,,,,,,,,,,,,,,,,,,,,,,,,,,,,,,,,,,,,,,,,,,276,,141,,,
210,,,,,,,,r71,,,,,,,,,,,,,,,r71,,,,,,,,,r71,r71,,r71,r71,r71,r71,r71,r71,,,,,,,,,,,,,,,,,,,,,,,,,,,,,,,,,,,,,,,,,,,,,,,,,,,,,,,
211,,,,s142,s145,,,,,,,,,,,s144,,,,s143,,,,,,,,,,,,,,s146,,,,,,,,,,,,,,,,,,,,,,,,,,,,,,,,,,,,,,,,,,,,,,,,,,,,,,,,,,277,,,
212,,,,,,s278,,,,,,,,,,,,,,,,,,,,,,,,,,,,,,,,,,,,,,,,,,,,,,,,,,,,,,,,,,,,,,,,,,,,,,,,,,,,,,,,,,,,,,,,,
213,,,,,,,,r78,,,,,,,,,,,,,,,r78,,,,,,,,,r78,r78,,r78,r78,r78,r78,r78,r78,r78,r78,r78,r78,r78,,,,,,,,,,,,,,,,,,,,,,,,,,,,,,,,,,,,,,,,,,,,,,,,,,
214,r55,,,,,,,,,,,,,,,,,,,,,,,,,,,,,,,,,,,,,,,,,,,,,,,,,,,,,,,,,,,,,,,,,,,,,,,,,,,,,,,,,,,,,,,,,,,,,,
215,,,,,,,,,,,,,,,,,,,,,,,,,r25,,,,,,,,,,,,,,,,,,,,,,,,,,,,,,,,,,,,,,,,,,,,,,,,,,,,,,,,,,,,,,,,,,,,,,
216,s279,,,,,,,,,,,,,,,,,,,,,,,,,,,,,,,,,,,,,,,,,,,,,,,,,,,,,,,,,,,,,,,,,,,,,,,,,,,,,,,,,,,,,,,,,,,,,,
217,,,,,,,,,,,,,,,,,,,,,,,,,,,s281,s282,,,,,,,,,,,,,,,,,,,,,,,,,,,,,,,,,,,,,,,,,,,,,,,,,,,,,,280,,,,,,,,,,,,,
218,,,,,,,,s285,,,,,,,,,,,,,,,,,,,r64,r64,,,,,,,s286,s287,s288,s289,s290,,,,,,,,,,,,,,,,,,,,,,,,,,,,,,,,,,,,,,,,,,,,,,,283,,,,,,,284,,
219,,,,s293,s296,,,,,,,,,,,s295,,,,s294,,,,,,,,,,,,,,s297,,,,,,,,,,,,,,,,,,,,,,,,,,,,,,,,,,,,,,,,,,,,,,,,,,,,,,,,291,,292,,,
220,,,,,,,,,,,r14,,,,,,,,,,,,,,,,,,,,,,,,,,,,,,,,,,,,,,,,,,,,,,,,,,,,,,,,,,,,,,,,,,,,,,,,,,,,,,,,,,,,
221,r70,,,,,,,,,,,,,,,,,,,,,,,,,,,,,,,s157,s158,,,,,,,s159,,,,,,,,,,,,,,,,,,,,,,,,,,,,,,,,,,,,,,,,,,,,,,,,,298,,,,,299,
222,r73,,,,,,,,,,,,,,,,,,,,,,,,,,,,,,,r73,r73,,,,,,,r73,s162,s163,s164,s165,s166,,,,,,,,,,,,,,,,,,,,,,,,,,,,,,,,,,,,,,,,,,,,,,300,,,,301
223,r74,,,,,,,,,,,,,,,,,,,,,,,,,,,,,,,r74,r74,,,,,,,r74,r74,r74,r74,r74,r74,,,,,,,,,,,,,,,,,,,,,,,,,,,,,,,,,,,,,,,,,,,,,,,,,,
224,r75,,,,,,,,,,,,,,,,,,,,,,,,,,,,,,,r75,r75,,,,,,,r75,r75,r75,r75,r75,r75,,,,,,,,,,,,,,,,,,,,,,,,,,,,,,,,,,,,,,,,,,,,,,,,,,
225,r76,,,,,,,,,,,,,,,,,,,,,,,,,,,,,,,r76,r76,,,,,,,r76,r76,r76,r76,r76,r76,,,,,,,,,,,,,,,,,,,,,,,,,,,,,,,,,,,,,,,,,,,,,,,,,,
226,,,,r68,r68,,,,,,,,,,,r68,,,,r68,,,,,,,,,,,,s60,s61,r68,,,,,,,,,,,,,,,,,,,,,,,,,,,,,,,,,,,,,,,,,,,,,,,,,,,302,,168,169,,,,,,,
227,,,,s223,s226,,,,,,,,,,,s225,,,,s224,,,,,,,,,,,,,,s227,,,,,,,,,,,,,,,,,,,,,,,,,,,,,,,,,,,,,,,,,,,,,,,,,,,,,,,,,,303,,,
228,r70,,,,,,,r70,,,,,,,,,,,,,,,,,,,,,,,,s157,s158,,r70,r70,r70,r70,r70,s159,,,,,,,,,,,,,,,,,,,,,,,,,,,,,,,,,,,,,,,,,,,,,,,,,304,,,,,156,
229,r73,,,,,,,r73,,,,,,,,,,,,,,,,,,,,,,,,r73,r73,,r73,r73,r73,r73,r73,r73,s162,s163,s164,s165,s166,,,,,,,,,,,,,,,,,,,,,,,,,,,,,,,,,,,,,,,,,,,,,,305,,,,161
230,r77,,,,,,,r77,,,,,,,,,,,,,,,,,,,,,,,,r77,r77,,r77,r77,r77,r77,r77,r77,r77,r77,r77,r77,r77,,,,,,,,,,,,,,,,,,,,,,,,,,,,,,,,,,,,,,,,,,,,,,,,,,
231,,,,,,r62,,,,,,,,,,,,,,,,,,,,,,,,,,,,,,,,,,,,,,,,,,,,,,,,,,,,,,,,,,,,,,,,,,,,,,,,,,,,,,,,,,,,,,,,,
232,,,,r68,r68,,,,,,,,,,,r68,,,,r68,,,,,,,,,,,,s60,s61,r68,,,,,,,,,,,,,,,,,,,,,,,,,,,,,,,,,,,,,,,,,,,,,,,,,,,,,306,307,,,,,,,
233,,,,r79,r79,r79,,,,,,,,,,r79,,,,r79,,,,,,,,,,,,r79,r79,r79,,,,,,,,,,,,,,,,,,,,,,,,,,,,,,,,,,,,,,,,,,,,,,,,,,,,,,,,,,,,,
234,,,,r80,r80,r80,,,,,,,,,,r80,,,,r80,,,,,,,,,,,,r80,r80,r80,,,,,,,,,,,,,,,,,,,,,,,,,,,,,,,,,,,,,,,,,,,,,,,,,,,,,,,,,,,,,
235,,,,r81,r81,r81,,,,,,,,,,r81,,,,r81,,,,,,,,,,,,r81,r81,r81,,,,,,,,,,,,,,,,,,,,,,,,,,,,,,,,,,,,,,,,,,,,,,,,,,,,,,,,,,,,,
236,,,,r82,r82,r82,,,,,,,,,,r82,,,,r82,,,,,,,,,,,,r82,r82,r82,,,,,,,,,,,,,,,,,,,,,,,,,,,,,,,,,,,,,,,,,,,,,,,,,,,,,,,,,,,,,
237,,,,r83,r83,r83,,,,,,,,,,r83,,,,r83,,,,,,,,,,,,r83,r83,r83,,,,,,,,,,,,,,,,,,,,,,,,,,,,,,,,,,,,,,,,,,,,,,,,,,,,,,,,,,,,,
238,,,,r84,r84,r84,,,,,,,,,,r84,,,,r84,,,,,,,,,,,,r84,r84,r84,,,,,,,,,,,,,,,,,,,,,,,,,,,,,,,,,,,,,,,,,,,,,,,,,,,,,,,,,,,,,
239,,,,,,r70,,r70,,,,,,,,,,,,,,,,,,,,,,,,s157,s158,,r70,r70,r70,r70,r70,s159,,,,,,,,,,,,,,,,,,,,,,,,,,,,,,,,,,,,,,,,,,,,,,,,,308,,,,,309,
240,,,,,,r73,,r73,,,,,,,,,,,,,,,,,,,,,,,,r73,r73,,r73,r73,r73,r73,r73,r73,s162,s163,s164,s165,s166,,,,,,,,,,,,,,,,,,,,,,,,,,,,,,,,,,,,,,,,,,,,,,310,,,,311
241,,,,,,r74,,r74,,,,,,,,,,,,,,,,,,,,,,,,r74,r74,,r74,r74,r74,r74,r74,r74,r74,r74,r74,r74,r74,,,,,,,,,,,,,,,,,,,,,,,,,,,,,,,,,,,,,,,,,,,,,,,,,,
242,,,,,,r75,,r75,,,,,,,,,,,,,,,,,,,,,,,,r75,r75,,r75,r75,r75,r75,r75,r75,r75,r75,r75,r75,r75,,,,,,,,,,,,,,,,,,,,,,,,,,,,,,,,,,,,,,,,,,,,,,,,,,
243,,,,,,r76,,r76,,,,,,,,,,,,,,,,,,,,,,,,r76,r76,,r76,r76,r76,r76,r76,r76,r76,r76,r76,r76,r76,,,,,,,,,,,,,,,,,,,,,,,,,,,,,,,,,,,,,,,,,,,,,,,,,,
244,,,,r68,r68,,,,,,,,,,,r68,,,,r68,,,,,,,,,,,,s60,s61,r68,,,,,,,,,,,,,,,,,,,,,,,,,,,,,,,,,,,,,,,,,,,,,,,,,,,312,,168,169,,,,,,,
245,,,,s241,s244,,,,,,,,,,,s243,,,,s242,,,,,,,,,,,,,,s245,,,,,,,,,,,,,,,,,,,,,,,,,,,,,,,,,,,,,,,,,,,,,,,,,,,,,,,,,,313,,,
246,,,,,,,,,,,,r26,,,,,,,,,,,,,,,,,,,,,,,,,,,,,,,,,,,,,,,,,,,,,,,,,,,,,,,,,,,,,,,,,,,,,,,,,,,,,,,,,,,
247,r59,,,,,,,,,,,,,,,,,,,,,,,,,,,,,,,,,,,,,,,,,,,,,,,,,,,,,,,,,,,,,,,,,,,,,,,,,,,,,,,,,,,,,,,,,,,,,,
248,,,,s38,,,,,,,s41,,,,,,,,s46,,s47,s48,,s49,,s50,,,s45,,,,,,,,,,,,,,,,,,,,,,,,,,,,,,,,,,,,314,31,33,34,39,,,,,40,,32,35,36,42,43,44,,37,,,,,,,,,,,,
249,,,,r68,r68,,,,,,,,,,,r68,,,,r68,,,,,,,,,,,,s60,s61,r68,,,,,,,,,,,,,,,,,,,,,,,,,,,,,,,,,,,,,,,,,,,,,,,,,,,315,,316,317,,,,,,,
250,,,,,,,,,,,,s318,,,,,,,,,,,,,,,,,,,,,,,,,,,,,,,,,,,,,,,,,,,,,,,,,,,,,,,,,,,,,,,,,,,,,,,,,,,,,,,,,,,
251,,,,,,,,,,,,,,,,,,,,,,,,,,,,,,s319,,,,,,,,,,,,,,,,,,,,,,,,,,,,,,,,,,,,,,,,,,,,,,,,,,,,,,,,,,,,,,,,,
252,,,,s129,,r37,,,,,,,,,,s128,,,,s127,,,,,,,,,,,,,,,,,,,,,,,,,,,,,,,,,,,,,,,,,,,,,,,,,,320,125,,126,,,,,,,,,,,,,,,,,,,,,,
253,r44,,,,,,,,,,,,,,,,,,,,,,,,,,,,,,r44,,,,,,,,,,,,,,,,,,,,,,,,,,,,,,,,,,,,,,,,,,,,,,,,,,,,,,,,,,,,,,,,
254,,,,s18,,,,,,,,,,,,,,,,,,,,,,,,,,,,,,,,,,,,,,,,,,,,,,,,,,,,,,,,,321,,,,,,,,,,,,,,,,,,,,,,,,,,,,,,,,,,
255,,,,,,,,,,,,,,,,,,,,,,,s322,,,,,,,,,,,,,,,,,,,,,,,,,,,,,,,,,,,,,,,,,,,,,,,,,,,,,,,,,,,,,,,,,,,,,,,,
256,,,,,,,,,,,,,,,,,,,,,,,,,s323,,,,,,,,,,,,,,,,,,,,,,,,,,,,,,,,,,,,,,,,,,,,,,,,,,,,,,,,,,,,,,,,,,,,,,
257,,,,,,,,,,,,,,,,,,s324,,,,,,,,,,,,,,,,,,,,,,,,,,,,,,,,,,,,,,,,,,,,,,,,,,,,,,,,,,,,,,,,,,,,,,,,,,,,,
258,,,,,,,,,,,,,,,,,,,,,,,,,,,,,,r70,,s157,s158,,,,,,,s159,,,,,,,,,,,,,,,,,,,,,,,,,,,,,,,,,,,,,,,,,,,,,,,,,325,,,,,326,
259,,,,,,,,,,,,,,,,,,,,,,,,,,,,,,r73,,r73,r73,,,,,,,r73,s162,s163,s164,s165,s166,,,,,,,,,,,,,,,,,,,,,,,,,,,,,,,,,,,,,,,,,,,,,,327,,,,328
260,,,,,,,,,,,,,,,,,,,,,,,,,,,,,,r74,,r74,r74,,,,,,,r74,r74,r74,r74,r74,r74,,,,,,,,,,,,,,,,,,,,,,,,,,,,,,,,,,,,,,,,,,,,,,,,,,
261,,,,,,,,,,,,,,,,,,,,,,,,,,,,,,r75,,r75,r75,,,,,,,r75,r75,r75,r75,r75,r75,,,,,,,,,,,,,,,,,,,,,,,,,,,,,,,,,,,,,,,,,,,,,,,,,,
262,,,,,,,,,,,,,,,,,,,,,,,,,,,,,,r76,,r76,r76,,,,,,,r76,r76,r76,r76,r76,r76,,,,,,,,,,,,,,,,,,,,,,,,,,,,,,,,,,,,,,,,,,,,,,,,,,
263,,,,r68,r68,,,,,,,,,,,r68,,,,r68,,,,,,,,,,,,s60,s61,r68,,,,,,,,,,,,,,,,,,,,,,,,,,,,,,,,,,,,,,,,,,,,,,,,,,,329,,168,169,,,,,,,
264,,,,s260,s263,,,,,,,,,,,s262,,,,s261,,,,,,,,,,,,,,s264,,,,,,,,,,,,,,,,,,,,,,,,,,,,,,,,,,,,,,,,,,,,,,,,,,,,,,,,,,330,,,
265,,,,,,,,r70,,,,,,,,,,,,,,,,,,,,,,r70,,s157,s158,,r70,r70,r70,r70,r70,s159,,,,,,,,,,,,,,,,,,,,,,,,,,,,,,,,,,,,,,,,,,,,,,,,,331,,,,,196,
266,,,,,,,,r73,,,,,,,,,,,,,,,,,,,,,,r73,,r73,r73,,r73,r73,r73,r73,r73,r73,s162,s163,s164,s165,s166,,,,,,,,,,,,,,,,,,,,,,,,,,,,,,,,,,,,,,,,,,,,,,332,,,,198
267,,,,,,,,r77,,,,,,,,,,,,,,,,,,,,,,r77,,r77,r77,,r77,r77,r77,r77,r77,r77,r77,r77,r77,r77,r77,,,,,,,,,,,,,,,,,,,,,,,,,,,,,,,,,,,,,,,,,,,,,,,,,,
268,,,,,,r40,,,,,,,,,,,s203,,,,,,,,,,,,,,,,,,,,,,,,,,,,,,,,,,,,,,,,,,,,,,,,,,,,,,,333,,,,,,,,,,,,,,,,,,,,,,,
269,,,,,,,,,,,,,,,,,,,,,,,r70,,,,,,,,,s157,s158,,,,,,,s159,,,,,,,,,,,,,,,,,,,,,,,,,,,,,,,,,,,,,,,,,,,,,,,,,334,,,,,335,
270,,,,,,,,,,,,,,,,,,,,,,,r73,,,,,,,,,r73,r73,,,,,,,r73,s162,s163,s164,s165,s166,,,,,,,,,,,,,,,,,,,,,,,,,,,,,,,,,,,,,,,,,,,,,,336,,,,337
271,,,,,,,,,,,,,,,,,,,,,,,r74,,,,,,,,,r74,r74,,,,,,,r74,r74,r74,r74,r74,r74,,,,,,,,,,,,,,,,,,,,,,,,,,,,,,,,,,,,,,,,,,,,,,,,,,
272,,,,,,,,,,,,,,,,,,,,,,,r75,,,,,,,,,r75,r75,,,,,,,r75,r75,r75,r75,r75,r75,,,,,,,,,,,,,,,,,,,,,,,,,,,,,,,,,,,,,,,,,,,,,,,,,,
273,,,,,,,,,,,,,,,,,,,,,,,r76,,,,,,,,,r76,r76,,,,,,,r76,r76,r76,r76,r76,r76,,,,,,,,,,,,,,,,,,,,,,,,,,,,,,,,,,,,,,,,,,,,,,,,,,
274,,,,r68,r68,,,,,,,,,,,r68,,,,r68,,,,,,,,,,,,s60,s61,r68,,,,,,,,,,,,,,,,,,,,,,,,,,,,,,,,,,,,,,,,,,,,,,,,,,,338,,168,169,,,,,,,
275,,,,s271,s274,,,,,,,,,,,s273,,,,s272,,,,,,,,,,,,,,s275,,,,,,,,,,,,,,,,,,,,,,,,,,,,,,,,,,,,,,,,,,,,,,,,,,,,,,,,,,339,,,
276,,,,,,,,r70,,,,,,,,,,,,,,,r70,,,,,,,,,s157,s158,,r70,r70,r70,r70,r70,s159,,,,,,,,,,,,,,,,,,,,,,,,,,,,,,,,,,,,,,,,,,,,,,,,,340,,,,,209,
277,,,,,,,,r73,,,,,,,,,,,,,,,r73,,,,,,,,,r73,r73,,r73,r73,r73,r73,r73,r73,s162,s163,s164,s165,s166,,,,,,,,,,,,,,,,,,,,,,,,,,,,,,,,,,,,,,,,,,,,,,341,,,,211
278,,,,,,,,r77,,,,,,,,,,,,,,,r77,,,,,,,,,r77,r77,,r77,r77,r77,r77,r77,r77,r77,r77,r77,r77,r77,,,,,,,,,,,,,,,,,,,,,,,,,,,,,,,,,,,,,,,,,,,,,,,,,,
279,,,,s38,,,,,,,s41,,,,,,,,s46,,s47,s48,,s49,r27,s50,,,s45,,,,,,,,,,,,,,,,,,,,,,,,,,,,,,,,,,,342,216,31,33,34,39,,,,,40,,32,35,36,42,43,44,,37,,,,,,,,,,,,
280,,,,r68,r68,,,,,,,,,,,r68,,,,r68,,,,,,,,,,,,s60,s61,r68,,,,,,,,,,,,,,,,,,,,,,,,,,,,,,,,,,,,,,,,,,,,,,,,,,,343,,74,75,,,,,,,
281,r57,,,r57,r57,,,r57,,,,,,,,r57,,,,r57,,,r57,,,,,,,,,r57,r57,r57,r57,r57,r57,r57,r57,,,,,,,,,,,,,,,,,,,,,,,,,,,,,,,,,,,,,,,,,,,,,,,,,,,,,,,,
282,r58,,,r58,r58,,,r58,,,,,,,,r58,,,,r58,,,r58,,,,,,,,,r58,r58,r58,r58,r58,r58,r58,r58,,,,,,,,,,,,,,,,,,,,,,,,,,,,,,,,,,,,,,,,,,,,,,,,,,,,,,,,
283,,,,,,,,,,,,,,,,,,,,,,,,,,,r62,r62,,,,,,,,,,,,,,,,,,,,,,,,,,,,,,,,,,,,,,,,,,,,,,,,,,,,,,,,,,,,,,,,,,,
284,,,,r68,r68,,,,,,,,,,,r68,,,,r68,,,,,,,,,,,,s60,s61,r68,,,,,,,,,,,,,,,,,,,,,,,,,,,,,,,,,,,,,,,,,,,,,,,,,,,,,344,345,,,,,,,
285,,,,r79,r79,,,,,,,,,,,r79,,,,r79,,,,,,,r79,r79,,,,r79,r79,r79,,,,,,,,,,,,,,,,,,,,,,,,,,,,,,,,,,,,,,,,,,,,,,,,,,,,,,,,,,,,,
286,,,,r80,r80,,,,,,,,,,,r80,,,,r80,,,,,,,r80,r80,,,,r80,r80,r80,,,,,,,,,,,,,,,,,,,,,,,,,,,,,,,,,,,,,,,,,,,,,,,,,,,,,,,,,,,,,
287,,,,r81,r81,,,,,,,,,,,r81,,,,r81,,,,,,,r81,r81,,,,r81,r81,r81,,,,,,,,,,,,,,,,,,,,,,,,,,,,,,,,,,,,,,,,,,,,,,,,,,,,,,,,,,,,,
288,,,,r82,r82,,,,,,,,,,,r82,,,,r82,,,,,,,r82,r82,,,,r82,r82,r82,,,,,,,,,,,,,,,,,,,,,,,,,,,,,,,,,,,,,,,,,,,,,,,,,,,,,,,,,,,,,
289,,,,r83,r83,,,,,,,,,,,r83,,,,r83,,,,,,,r83,r83,,,,r83,r83,r83,,,,,,,,,,,,,,,,,,,,,,,,,,,,,,,,,,,,,,,,,,,,,,,,,,,,,,,,,,,,,
290,,,,r84,r84,,,,,,,,,,,r84,,,,r84,,,,,,,r84,r84,,,,r84,r84,r84,,,,,,,,,,,,,,,,,,,,,,,,,,,,,,,,,,,,,,,,,,,,,,,,,,,,,,,,,,,,,
291,,,,,,,,r70,,,,,,,,,,,,,,,,,,,r70,r70,,,,s157,s158,,r70,r70,r70,r70,r70,s159,,,,,,,,,,,,,,,,,,,,,,,,,,,,,,,,,,,,,,,,,,,,,,,,,346,,,,,347,
292,,,,,,,,r73,,,,,,,,,,,,,,,,,,,r73,r73,,,,r73,r73,,r73,r73,r73,r73,r73,r73,s162,s163,s164,s165,s166,,,,,,,,,,,,,,,,,,,,,,,,,,,,,,,,,,,,,,,,,,,,,,348,,,,349
293,,,,,,,,r74,,,,,,,,,,,,,,,,,,,r74,r74,,,,r74,r74,,r74,r74,r74,r74,r74,r74,r74,r74,r74,r74,r74,,,,,,,,,,,,,,,,,,,,,,,,,,,,,,,,,,,,,,,,,,,,,,,,,,
294,,,,,,,,r75,,,,,,,,,,,,,,,,,,,r75,r75,,,,r75,r75,,r75,r75,r75,r75,r75,r75,r75,r75,r75,r75,r75,,,,,,,,,,,,,,,,,,,,,,,,,,,,,,,,,,,,,,,,,,,,,,,,,,
295,,,,,,,,r76,,,,,,,,,,,,,,,,,,,r76,r76,,,,r76,r76,,r76,r76,r76,r76,r76,r76,r76,r76,r76,r76,r76,,,,,,,,,,,,,,,,,,,,,,,,,,,,,,,,,,,,,,,,,,,,,,,,,,
296,,,,r68,r68,,,,,,,,,,,r68,,,,r68,,,,,,,,,,,,s60,s61,r68,,,,,,,,,,,,,,,,,,,,,,,,,,,,,,,,,,,,,,,,,,,,,,,,,,,350,,168,169,,,,,,,
297,,,,s293,s296,,,,,,,,,,,s295,,,,s294,,,,,,,,,,,,,,s297,,,,,,,,,,,,,,,,,,,,,,,,,,,,,,,,,,,,,,,,,,,,,,,,,,,,,,,,,,351,,,
298,r65,,,,,,,,,,,,,,,,,,,,,,,,,,,,,,,,,,,,,,,,,,,,,,,,,,,,,,,,,,,,,,,,,,,,,,,,,,,,,,,,,,,,,,,,,,,,,,
299,,,,s223,s226,,,,,,,,,,,s225,,,,s224,,,,,,,,,,,,,,s227,,,,,,,,,,,,,,,,,,,,,,,,,,,,,,,,,,,,,,,,,,,,,,,,,,,,,,,,352,,222,,,
300,r71,,,,,,,,,,,,,,,,,,,,,,,,,,,,,,,r71,r71,,,,,,,r71,,,,,,,,,,,,,,,,,,,,,,,,,,,,,,,,,,,,,,,,,,,,,,,,,,,,,,,
301,,,,s223,s226,,,,,,,,,,,s225,,,,s224,,,,,,,,,,,,,,s227,,,,,,,,,,,,,,,,,,,,,,,,,,,,,,,,,,,,,,,,,,,,,,,,,,,,,,,,,,353,,,
302,,,,,,s354,,,,,,,,,,,,,,,,,,,,,,,,,,,,,,,,,,,,,,,,,,,,,,,,,,,,,,,,,,,,,,,,,,,,,,,,,,,,,,,,,,,,,,,,,
303,r78,,,,,,,,,,,,,,,,,,,,,,,,,,,,,,,r78,r78,,,,,,,r78,r78,r78,r78,r78,r78,,,,,,,,,,,,,,,,,,,,,,,,,,,,,,,,,,,,,,,,,,,,,,,,,,
304,r69,,,,,,,r69,,,,,,,,,,,,,,,,,,,,,,,,,,,r69,r69,r69,r69,r69,,,,,,,,,,,,,,,,,,,,,,,,,,,,,,,,,,,,,,,,,,,,,,,,,,,,,,,,
305,r72,,,,,,,r72,,,,,,,,,,,,,,,,,,,,,,,,r72,r72,,r72,r72,r72,r72,r72,r72,,,,,,,,,,,,,,,,,,,,,,,,,,,,,,,,,,,,,,,,,,,,,,,,,,,,,,,
306,,,,,,r63,,,,,,,,,,,,,,,,,,,,,,,,,,,,,,,,,,,,,,,,,,,,,,,,,,,,,,,,,,,,,,,,,,,,,,,,,,,,,,,,,,,,,,,,,
307,,,,s357,s360,,,,,,,,,,,s359,,,,s358,,,,,,,,,,,,,,s361,,,,,,,,,,,,,,,,,,,,,,,,,,,,,,,,,,,,,,,,,,,,,,,,,,,,,,,,355,,356,,,
308,,,,,,r65,,r65,,,,,,,,,,,,,,,,,,,,,,,,,,,r65,r65,r65,r65,r65,,,,,,,,,,,,,,,,,,,,,,,,,,,,,,,,,,,,,,,,,,,,,,,,,,,,,,,,
309,,,,s241,s244,,,,,,,,,,,s243,,,,s242,,,,,,,,,,,,,,s245,,,,,,,,,,,,,,,,,,,,,,,,,,,,,,,,,,,,,,,,,,,,,,,,,,,,,,,,362,,240,,,
310,,,,,,r71,,r71,,,,,,,,,,,,,,,,,,,,,,,,r71,r71,,r71,r71,r71,r71,r71,r71,,,,,,,,,,,,,,,,,,,,,,,,,,,,,,,,,,,,,,,,,,,,,,,,,,,,,,,
311,,,,s241,s244,,,,,,,,,,,s243,,,,s242,,,,,,,,,,,,,,s245,,,,,,,,,,,,,,,,,,,,,,,,,,,,,,,,,,,,,,,,,,,,,,,,,,,,,,,,,,363,,,
312,,,,,,s364,,,,,,,,,,,,,,,,,,,,,,,,,,,,,,,,,,,,,,,,,,,,,,,,,,,,,,,,,,,,,,,,,,,,,,,,,,,,,,,,,,,,,,,,,
313,,,,,,r78,,r78,,,,,,,,,,,,,,,,,,,,,,,,r78,r78,,r78,r78,r78,r78,r78,r78,r78,r78,r78,r78,r78,,,,,,,,,,,,,,,,,,,,,,,,,,,,,,,,,,,,,,,,,,,,,,,,,,
314,r60,,,,,,,,,,,,,,,,,,,,,,,,,,,,,,,,,,,,,,,,,,,,,,,,,,,,,,,,,,,,,,,,,,,,,,,,,,,,,,,,,,,,,,,,,,,,,,
315,r32,,,,,,,,,,,,,,,,,,,,,,,,,,,,,,r32,,,,,,,,,,,,,,,,,,,,,,,,,,,,,,,,,,,,,,,,,,,,,,,,,,,,,,,,,,,,,,,,
316,r64,,,,,,,s367,,,,,,,,,,,,,,,,,,,,,,,r64,,,,s368,s369,s370,s371,s372,,,,,,,,,,,,,,,,,,,,,,,,,,,,,,,,,,,,,,,,,,,,,,,365,,,,,,,366,,
317,,,,s375,s378,,,,,,,,,,,s377,,,,s376,,,,,,,,,,,,,,s379,,,,,,,,,,,,,,,,,,,,,,,,,,,,,,,,,,,,,,,,,,,,,,,,,,,,,,,,373,,374,,,
318,r50,,,,,,,,,,,,,,,,,,,,,,,,,,,,,,r50,,,,,,,,,,,,,,,,,,,,,,,,,,,,,,,,,,,,,,,,,,,,,,,,,,,,,,,,,,,,,,,,
319,,,,s180,,,,,,,s183,,,,,,,,s188,,s189,s190,,s191,,s192,,,s187,,,,,,,,,,,,,,,,,,,,,,,,,,,,,,,,,,,,380,173,175,176,181,,,,,182,,174,177,178,184,185,186,,179,,,,,,,,,,,,
320,,,,,,s381,,,,,,,,,,,,,,,,,,,,,,,,,,,,,,,,,,,,,,,,,,,,,,,,,,,,,,,,,,,,,,,,,,,,,,,,,,,,,,,,,,,,,,,,,
321,,,,,,s382,,,,,,,,,,,,,,,,,,,,,,,,,,,,,,,,,,,,,,,,,,,,,,,,,,,,,,,,,,,,,,,,,,,,,,,,,,,,,,,,,,,,,,,,,
322,,,,s180,,,,,,,s183,,,,,,,,s188,,s189,s190,,s191,,s192,,,s187,,,,,,,,,,,,,,,,,,,,,,,,,,,,,,,,,,,,383,173,175,176,181,,,,,182,,174,177,178,184,185,186,,179,,,,,,,,,,,,
323,,,,r68,r68,,,,,,,,,,,r68,,,,r68,,,,,,,,,,,,s60,s61,r68,,,,,,,,,,,,,,,,,,,,,,,,,,,,,,,,,,,,,,,,,,,,,,,,,,,384,,316,317,,,,,,,
324,,,,r68,r68,,,,,,,,,,,r68,,,,r68,,,,,,,,,,,,s60,s61,r68,,,,,,,,,,,,,,,,,,,,,,,,,,,,,,,,,,,,,,,,,,,,,,,,,,,385,,218,219,,,,,,,
325,,,,,,,,,,,,,,,,,,,,,,,,,,,,,,r65,,,,,,,,,,,,,,,,,,,,,,,,,,,,,,,,,,,,,,,,,,,,,,,,,,,,,,,,,,,,,,,,,
326,,,,s260,s263,,,,,,,,,,,s262,,,,s261,,,,,,,,,,,,,,s264,,,,,,,,,,,,,,,,,,,,,,,,,,,,,,,,,,,,,,,,,,,,,,,,,,,,,,,,386,,259,,,
327,,,,,,,,,,,,,,,,,,,,,,,,,,,,,,r71,,r71,r71,,,,,,,r71,,,,,,,,,,,,,,,,,,,,,,,,,,,,,,,,,,,,,,,,,,,,,,,,,,,,,,,
328,,,,s260,s263,,,,,,,,,,,s262,,,,s261,,,,,,,,,,,,,,s264,,,,,,,,,,,,,,,,,,,,,,,,,,,,,,,,,,,,,,,,,,,,,,,,,,,,,,,,,,387,,,
329,,,,,,s388,,,,,,,,,,,,,,,,,,,,,,,,,,,,,,,,,,,,,,,,,,,,,,,,,,,,,,,,,,,,,,,,,,,,,,,,,,,,,,,,,,,,,,,,,
330,,,,,,,,,,,,,,,,,,,,,,,,,,,,,,r78,,r78,r78,,,,,,,r78,r78,r78,r78,r78,r78,,,,,,,,,,,,,,,,,,,,,,,,,,,,,,,,,,,,,,,,,,,,,,,,,,
331,,,,,,,,r69,,,,,,,,,,,,,,,,,,,,,,r69,,,,,r69,r69,r69,r69,r69,,,,,,,,,,,,,,,,,,,,,,,,,,,,,,,,,,,,,,,,,,,,,,,,,,,,,,,,
332,,,,,,,,r72,,,,,,,,,,,,,,,,,,,,,,r72,,r72,r72,,r72,r72,r72,r72,r72,r72,,,,,,,,,,,,,,,,,,,,,,,,,,,,,,,,,,,,,,,,,,,,,,,,,,,,,,,
333,,,,,,r39,,,,,,,,,,,,,,,,,,,,,,,,,,,,,,,,,,,,,,,,,,,,,,,,,,,,,,,,,,,,,,,,,,,,,,,,,,,,,,,,,,,,,,,,,
334,,,,,,,,,,,,,,,,,,,,,,,r65,,,,,,,,,,,,,,,,,,,,,,,,,,,,,,,,,,,,,,,,,,,,,,,,,,,,,,,,,,,,,,,,,,,,,,,,
335,,,,s271,s274,,,,,,,,,,,s273,,,,s272,,,,,,,,,,,,,,s275,,,,,,,,,,,,,,,,,,,,,,,,,,,,,,,,,,,,,,,,,,,,,,,,,,,,,,,,389,,270,,,
336,,,,,,,,,,,,,,,,,,,,,,,r71,,,,,,,,,r71,r71,,,,,,,r71,,,,,,,,,,,,,,,,,,,,,,,,,,,,,,,,,,,,,,,,,,,,,,,,,,,,,,,
337,,,,s271,s274,,,,,,,,,,,s273,,,,s272,,,,,,,,,,,,,,s275,,,,,,,,,,,,,,,,,,,,,,,,,,,,,,,,,,,,,,,,,,,,,,,,,,,,,,,,,,390,,,
338,,,,,,s391,,,,,,,,,,,,,,,,,,,,,,,,,,,,,,,,,,,,,,,,,,,,,,,,,,,,,,,,,,,,,,,,,,,,,,,,,,,,,,,,,,,,,,,,,
339,,,,,,,,,,,,,,,,,,,,,,,r78,,,,,,,,,r78,r78,,,,,,,r78,r78,r78,r78,r78,r78,,,,,,,,,,,,,,,,,,,,,,,,,,,,,,,,,,,,,,,,,,,,,,,,,,
340,,,,,,,,r69,,,,,,,,,,,,,,,r69,,,,,,,,,,,,r69,r69,r69,r69,r69,,,,,,,,,,,,,,,,,,,,,,,,,,,,,,,,,,,,,,,,,,,,,,,,,,,,,,,,
341,,,,,,,,r72,,,,,,,,,,,,,,,r72,,,,,,,,,r72,r72,,r72,r72,r72,r72,r72,r72,,,,,,,,,,,,,,,,,,,,,,,,,,,,,,,,,,,,,,,,,,,,,,,,,,,,,,,
342,,,,,,,,,,,,,,,,,,,,,,,,,r26,,,,,,,,,,,,,,,,,,,,,,,,,,,,,,,,,,,,,,,,,,,,,,,,,,,,,,,,,,,,,,,,,,,,,,
343,,,,,,,,,,,,,,,,,,,,,,,s392,,,,,,,,,,,,,,,,,,,,,,,,,,,,,,,,,,,,,,,,,,,,,,,,,,,,,,,,,,,,,,,,,,,,,,,,
344,,,,,,,,,,,,,,,,,,,,,,,,,,,r63,r63,,,,,,,,,,,,,,,,,,,,,,,,,,,,,,,,,,,,,,,,,,,,,,,,,,,,,,,,,,,,,,,,,,,
345,,,,s395,s398,,,,,,,,,,,s397,,,,s396,,,,,,,,,,,,,,s399,,,,,,,,,,,,,,,,,,,,,,,,,,,,,,,,,,,,,,,,,,,,,,,,,,,,,,,,393,,394,,,
346,,,,,,,,r65,,,,,,,,,,,,,,,,,,,r65,r65,,,,,,,r65,r65,r65,r65,r65,,,,,,,,,,,,,,,,,,,,,,,,,,,,,,,,,,,,,,,,,,,,,,,,,,,,,,,,
347,,,,s293,s296,,,,,,,,,,,s295,,,,s294,,,,,,,,,,,,,,s297,,,,,,,,,,,,,,,,,,,,,,,,,,,,,,,,,,,,,,,,,,,,,,,,,,,,,,,,400,,292,,,
348,,,,,,,,r71,,,,,,,,,,,,,,,,,,,r71,r71,,,,r71,r71,,r71,r71,r71,r71,r71,r71,,,,,,,,,,,,,,,,,,,,,,,,,,,,,,,,,,,,,,,,,,,,,,,,,,,,,,,
349,,,,s293,s296,,,,,,,,,,,s295,,,,s294,,,,,,,,,,,,,,s297,,,,,,,,,,,,,,,,,,,,,,,,,,,,,,,,,,,,,,,,,,,,,,,,,,,,,,,,,,401,,,
350,,,,,,s402,,,,,,,,,,,,,,,,,,,,,,,,,,,,,,,,,,,,,,,,,,,,,,,,,,,,,,,,,,,,,,,,,,,,,,,,,,,,,,,,,,,,,,,,,
351,,,,,,,,r78,,,,,,,,,,,,,,,,,,,r78,r78,,,,r78,r78,,r78,r78,r78,r78,r78,r78,r78,r78,r78,r78,r78,,,,,,,,,,,,,,,,,,,,,,,,,,,,,,,,,,,,,,,,,,,,,,,,,,
352,r70,,,,,,,,,,,,,,,,,,,,,,,,,,,,,,,s157,s158,,,,,,,s159,,,,,,,,,,,,,,,,,,,,,,,,,,,,,,,,,,,,,,,,,,,,,,,,,403,,,,,299,
353,r73,,,,,,,,,,,,,,,,,,,,,,,,,,,,,,,r73,r73,,,,,,,r73,s162,s163,s164,s165,s166,,,,,,,,,,,,,,,,,,,,,,,,,,,,,,,,,,,,,,,,,,,,,,404,,,,301
354,r77,,,,,,,,,,,,,,,,,,,,,,,,,,,,,,,r77,r77,,,,,,,r77,r77,r77,r77,r77,r77,,,,,,,,,,,,,,,,,,,,,,,,,,,,,,,,,,,,,,,,,,,,,,,,,,
355,,,,,,r70,,,,,,,,,,,,,,,,,,,,,,,,,,s157,s158,,,,,,,s159,,,,,,,,,,,,,,,,,,,,,,,,,,,,,,,,,,,,,,,,,,,,,,,,,405,,,,,406,
356,,,,,,r73,,,,,,,,,,,,,,,,,,,,,,,,,,r73,r73,,,,,,,r73,s162,s163,s164,s165,s166,,,,,,,,,,,,,,,,,,,,,,,,,,,,,,,,,,,,,,,,,,,,,,407,,,,408
357,,,,,,r74,,,,,,,,,,,,,,,,,,,,,,,,,,r74,r74,,,,,,,r74,r74,r74,r74,r74,r74,,,,,,,,,,,,,,,,,,,,,,,,,,,,,,,,,,,,,,,,,,,,,,,,,,
358,,,,,,r75,,,,,,,,,,,,,,,,,,,,,,,,,,r75,r75,,,,,,,r75,r75,r75,r75,r75,r75,,,,,,,,,,,,,,,,,,,,,,,,,,,,,,,,,,,,,,,,,,,,,,,,,,
359,,,,,,r76,,,,,,,,,,,,,,,,,,,,,,,,,,r76,r76,,,,,,,r76,r76,r76,r76,r76,r76,,,,,,,,,,,,,,,,,,,,,,,,,,,,,,,,,,,,,,,,,,,,,,,,,,
360,,,,r68,r68,,,,,,,,,,,r68,,,,r68,,,,,,,,,,,,s60,s61,r68,,,,,,,,,,,,,,,,,,,,,,,,,,,,,,,,,,,,,,,,,,,,,,,,,,,409,,168,169,,,,,,,
361,,,,s357,s360,,,,,,,,,,,s359,,,,s358,,,,,,,,,,,,,,s361,,,,,,,,,,,,,,,,,,,,,,,,,,,,,,,,,,,,,,,,,,,,,,,,,,,,,,,,,,410,,,
362,,,,,,r70,,r70,,,,,,,,,,,,,,,,,,,,,,,,s157,s158,,r70,r70,r70,r70,r70,s159,,,,,,,,,,,,,,,,,,,,,,,,,,,,,,,,,,,,,,,,,,,,,,,,,411,,,,,309,
363,,,,,,r73,,r73,,,,,,,,,,,,,,,,,,,,,,,,r73,r73,,r73,r73,r73,r73,r73,r73,s162,s163,s164,s165,s166,,,,,,,,,,,,,,,,,,,,,,,,,,,,,,,,,,,,,,,,,,,,,,412,,,,311
364,,,,,,r77,,r77,,,,,,,,,,,,,,,,,,,,,,,,r77,r77,,r77,r77,r77,r77,r77,r77,r77,r77,r77,r77,r77,,,,,,,,,,,,,,,,,,,,,,,,,,,,,,,,,,,,,,,,,,,,,,,,,,
365,r62,,,,,,,,,,,,,,,,,,,,,,,,,,,,,,r62,,,,,,,,,,,,,,,,,,,,,,,,,,,,,,,,,,,,,,,,,,,,,,,,,,,,,,,,,,,,,,,,
366,,,,r68,r68,,,,,,,,,,,r68,,,,r68,,,,,,,,,,,,s60,s61,r68,,,,,,,,,,,,,,,,,,,,,,,,,,,,,,,,,,,,,,,,,,,,,,,,,,,,,413,414,,,,,,,
367,r79,,,r79,r79,,,,,,,,,,,r79,,,,r79,,,,,,,,,,,r79,r79,r79,r79,,,,,,,,,,,,,,,,,,,,,,,,,,,,,,,,,,,,,,,,,,,,,,,,,,,,,,,,,,,,,
368,r80,,,r80,r80,,,,,,,,,,,r80,,,,r80,,,,,,,,,,,r80,r80,r80,r80,,,,,,,,,,,,,,,,,,,,,,,,,,,,,,,,,,,,,,,,,,,,,,,,,,,,,,,,,,,,,
369,r81,,,r81,r81,,,,,,,,,,,r81,,,,r81,,,,,,,,,,,r81,r81,r81,r81,,,,,,,,,,,,,,,,,,,,,,,,,,,,,,,,,,,,,,,,,,,,,,,,,,,,,,,,,,,,,
370,r82,,,r82,r82,,,,,,,,,,,r82,,,,r82,,,,,,,,,,,r82,r82,r82,r82,,,,,,,,,,,,,,,,,,,,,,,,,,,,,,,,,,,,,,,,,,,,,,,,,,,,,,,,,,,,,
371,r83,,,r83,r83,,,,,,,,,,,r83,,,,r83,,,,,,,,,,,r83,r83,r83,r83,,,,,,,,,,,,,,,,,,,,,,,,,,,,,,,,,,,,,,,,,,,,,,,,,,,,,,,,,,,,,
372,r84,,,r84,r84,,,,,,,,,,,r84,,,,r84,,,,,,,,,,,r84,r84,r84,r84,,,,,,,,,,,,,,,,,,,,,,,,,,,,,,,,,,,,,,,,,,,,,,,,,,,,,,,,,,,,,
373,r70,,,,,,,r70,,,,,,,,,,,,,,,,,,,,,,,r70,s157,s158,,r70,r70,r70,r70,r70,s159,,,,,,,,,,,,,,,,,,,,,,,,,,,,,,,,,,,,,,,,,,,,,,,,,415,,,,,416,
374,r73,,,,,,,r73,,,,,,,,,,,,,,,,,,,,,,,r73,r73,r73,,r73,r73,r73,r73,r73,r73,s162,s163,s164,s165,s166,,,,,,,,,,,,,,,,,,,,,,,,,,,,,,,,,,,,,,,,,,,,,,417,,,,418
375,r74,,,,,,,r74,,,,,,,,,,,,,,,,,,,,,,,r74,r74,r74,,r74,r74,r74,r74,r74,r74,r74,r74,r74,r74,r74,,,,,,,,,,,,,,,,,,,,,,,,,,,,,,,,,,,,,,,,,,,,,,,,,,
376,r75,,,,,,,r75,,,,,,,,,,,,,,,,,,,,,,,r75,r75,r75,,r75,r75,r75,r75,r75,r75,r75,r75,r75,r75,r75,,,,,,,,,,,,,,,,,,,,,,,,,,,,,,,,,,,,,,,,,,,,,,,,,,
377,r76,,,,,,,r76,,,,,,,,,,,,,,,,,,,,,,,r76,r76,r76,,r76,r76,r76,r76,r76,r76,r76,r76,r76,r76,r76,,,,,,,,,,,,,,,,,,,,,,,,,,,,,,,,,,,,,,,,,,,,,,,,,,
378,,,,r68,r68,,,,,,,,,,,r68,,,,r68,,,,,,,,,,,,s60,s61,r68,,,,,,,,,,,,,,,,,,,,,,,,,,,,,,,,,,,,,,,,,,,,,,,,,,,419,,168,169,,,,,,,
379,,,,s375,s378,,,,,,,,,,,s377,,,,s376,,,,,,,,,,,,,,s379,,,,,,,,,,,,,,,,,,,,,,,,,,,,,,,,,,,,,,,,,,,,,,,,,,,,,,,,,,420,,,
380,r61,,,,,,,,,,,,,,,,,,,,,,,,,,,,,,s422 / r61,,,,,,,,,,,,,,,,,,,,,,,,,,,,,,,,,,,,,,,,,,,,,,,,,,,,,421,,,,,,,,,,,
381,r35,,,,,,,,,,,,,,,,,,,,,,,,,,,,,,r35,,,,,,,,,,,,,,,,,,,,,,,,,,,,,,,,,,,,,,,,,,,,,,,,,,,,,,,,,,,,,,,,
382,r45,,,,,,,,,,,,,,,,,,,,,,,,,,,,,,r45,,,,,,,,,,,,,,,,,,,,,,,,,,,,,,,,,,,,,,,,,,,,,,,,,,,,,,,,,,,,,,,,
383,r54,,,,,,,,,,,,,,,,,,,,,,,,,,,,,,r54,,,,,,,,,,,,,,,,,,,,,,,,,,,,,,,,,,,,,,,,,,,,,,,,,,,,,,,,,,,,,,,,
384,r55,,,,,,,,,,,,,,,,,,,,,,,,,,,,,,r55,,,,,,,,,,,,,,,,,,,,,,,,,,,,,,,,,,,,,,,,,,,,,,,,,,,,,,,,,,,,,,,,
385,,,,,,,,,,,,,,,,,,,,,,,,,,,s424,s425,,,,,,,,,,,,,,,,,,,,,,,,,,,,,,,,,,,,,,,,,,,,,,,,,,,,,,423,,,,,,,,,,,,,
386,,,,,,,,,,,,,,,,,,,,,,,,,,,,,,r70,,s157,s158,,,,,,,s159,,,,,,,,,,,,,,,,,,,,,,,,,,,,,,,,,,,,,,,,,,,,,,,,,426,,,,,326,
387,,,,,,,,,,,,,,,,,,,,,,,,,,,,,,r73,,r73,r73,,,,,,,r73,s162,s163,s164,s165,s166,,,,,,,,,,,,,,,,,,,,,,,,,,,,,,,,,,,,,,,,,,,,,,427,,,,328
388,,,,,,,,,,,,,,,,,,,,,,,,,,,,,,r77,,r77,r77,,,,,,,r77,r77,r77,r77,r77,r77,,,,,,,,,,,,,,,,,,,,,,,,,,,,,,,,,,,,,,,,,,,,,,,,,,
389,,,,,,,,,,,,,,,,,,,,,,,r70,,,,,,,,,s157,s158,,,,,,,s159,,,,,,,,,,,,,,,,,,,,,,,,,,,,,,,,,,,,,,,,,,,,,,,,,428,,,,,335,
390,,,,,,,,,,,,,,,,,,,,,,,r73,,,,,,,,,r73,r73,,,,,,,r73,s162,s163,s164,s165,s166,,,,,,,,,,,,,,,,,,,,,,,,,,,,,,,,,,,,,,,,,,,,,,429,,,,337
391,,,,,,,,,,,,,,,,,,,,,,,r77,,,,,,,,,r77,r77,,,,,,,r77,r77,r77,r77,r77,r77,,,,,,,,,,,,,,,,,,,,,,,,,,,,,,,,,,,,,,,,,,,,,,,,,,
392,,,,s38,,,,,,,s41,,,,,,,,s46,,s47,s48,,s49,,s50,,,s45,,,,,,,,,,,,,,,,,,,,,,,,,,,,,,,,,,,,430,31,33,34,39,,,,,40,,32,35,36,42,43,44,,37,,,,,,,,,,,,
393,,,,,,,,,,,,,,,,,,,,,,,,,,,r70,r70,,,,s157,s158,,,,,,,s159,,,,,,,,,,,,,,,,,,,,,,,,,,,,,,,,,,,,,,,,,,,,,,,,,431,,,,,432,
394,,,,,,,,,,,,,,,,,,,,,,,,,,,r73,r73,,,,r73,r73,,,,,,,r73,s162,s163,s164,s165,s166,,,,,,,,,,,,,,,,,,,,,,,,,,,,,,,,,,,,,,,,,,,,,,433,,,,434
395,,,,,,,,,,,,,,,,,,,,,,,,,,,r74,r74,,,,r74,r74,,,,,,,r74,r74,r74,r74,r74,r74,,,,,,,,,,,,,,,,,,,,,,,,,,,,,,,,,,,,,,,,,,,,,,,,,,
396,,,,,,,,,,,,,,,,,,,,,,,,,,,r75,r75,,,,r75,r75,,,,,,,r75,r75,r75,r75,r75,r75,,,,,,,,,,,,,,,,,,,,,,,,,,,,,,,,,,,,,,,,,,,,,,,,,,
397,,,,,,,,,,,,,,,,,,,,,,,,,,,r76,r76,,,,r76,r76,,,,,,,r76,r76,r76,r76,r76,r76,,,,,,,,,,,,,,,,,,,,,,,,,,,,,,,,,,,,,,,,,,,,,,,,,,
398,,,,r68,r68,,,,,,,,,,,r68,,,,r68,,,,,,,,,,,,s60,s61,r68,,,,,,,,,,,,,,,,,,,,,,,,,,,,,,,,,,,,,,,,,,,,,,,,,,,435,,168,169,,,,,,,
399,,,,s395,s398,,,,,,,,,,,s397,,,,s396,,,,,,,,,,,,,,s399,,,,,,,,,,,,,,,,,,,,,,,,,,,,,,,,,,,,,,,,,,,,,,,,,,,,,,,,,,436,,,
400,,,,,,,,r70,,,,,,,,,,,,,,,,,,,r70,r70,,,,s157,s158,,r70,r70,r70,r70,r70,s159,,,,,,,,,,,,,,,,,,,,,,,,,,,,,,,,,,,,,,,,,,,,,,,,,437,,,,,347,
401,,,,,,,,r73,,,,,,,,,,,,,,,,,,,r73,r73,,,,r73,r73,,r73,r73,r73,r73,r73,r73,s162,s163,s164,s165,s166,,,,,,,,,,,,,,,,,,,,,,,,,,,,,,,,,,,,,,,,,,,,,,438,,,,349
402,,,,,,,,r77,,,,,,,,,,,,,,,,,,,r77,r77,,,,r77,r77,,r77,r77,r77,r77,r77,r77,r77,r77,r77,r77,r77,,,,,,,,,,,,,,,,,,,,,,,,,,,,,,,,,,,,,,,,,,,,,,,,,,
403,r69,,,,,,,,,,,,,,,,,,,,,,,,,,,,,,,,,,,,,,,,,,,,,,,,,,,,,,,,,,,,,,,,,,,,,,,,,,,,,,,,,,,,,,,,,,,,,,
404,r72,,,,,,,,,,,,,,,,,,,,,,,,,,,,,,,r72,r72,,,,,,,r72,,,,,,,,,,,,,,,,,,,,,,,,,,,,,,,,,,,,,,,,,,,,,,,,,,,,,,,
405,,,,,,r65,,,,,,,,,,,,,,,,,,,,,,,,,,,,,,,,,,,,,,,,,,,,,,,,,,,,,,,,,,,,,,,,,,,,,,,,,,,,,,,,,,,,,,,,,
406,,,,s357,s360,,,,,,,,,,,s359,,,,s358,,,,,,,,,,,,,,s361,,,,,,,,,,,,,,,,,,,,,,,,,,,,,,,,,,,,,,,,,,,,,,,,,,,,,,,,439,,356,,,
407,,,,,,r71,,,,,,,,,,,,,,,,,,,,,,,,,,r71,r71,,,,,,,r71,,,,,,,,,,,,,,,,,,,,,,,,,,,,,,,,,,,,,,,,,,,,,,,,,,,,,,,
408,,,,s357,s360,,,,,,,,,,,s359,,,,s358,,,,,,,,,,,,,,s361,,,,,,,,,,,,,,,,,,,,,,,,,,,,,,,,,,,,,,,,,,,,,,,,,,,,,,,,,,440,,,
409,,,,,,s441,,,,,,,,,,,,,,,,,,,,,,,,,,,,,,,,,,,,,,,,,,,,,,,,,,,,,,,,,,,,,,,,,,,,,,,,,,,,,,,,,,,,,,,,,
410,,,,,,r78,,,,,,,,,,,,,,,,,,,,,,,,,,r78,r78,,,,,,,r78,r78,r78,r78,r78,r78,,,,,,,,,,,,,,,,,,,,,,,,,,,,,,,,,,,,,,,,,,,,,,,,,,
411,,,,,,r69,,r69,,,,,,,,,,,,,,,,,,,,,,,,,,,r69,r69,r69,r69,r69,,,,,,,,,,,,,,,,,,,,,,,,,,,,,,,,,,,,,,,,,,,,,,,,,,,,,,,,
412,,,,,,r72,,r72,,,,,,,,,,,,,,,,,,,,,,,,r72,r72,,r72,r72,r72,r72,r72,r72,,,,,,,,,,,,,,,,,,,,,,,,,,,,,,,,,,,,,,,,,,,,,,,,,,,,,,,
413,r63,,,,,,,,,,,,,,,,,,,,,,,,,,,,,,r63,,,,,,,,,,,,,,,,,,,,,,,,,,,,,,,,,,,,,,,,,,,,,,,,,,,,,,,,,,,,,,,,
414,,,,s444,s447,,,,,,,,,,,s446,,,,s445,,,,,,,,,,,,,,s448,,,,,,,,,,,,,,,,,,,,,,,,,,,,,,,,,,,,,,,,,,,,,,,,,,,,,,,,442,,443,,,
415,r65,,,,,,,r65,,,,,,,,,,,,,,,,,,,,,,,r65,,,,r65,r65,r65,r65,r65,,,,,,,,,,,,,,,,,,,,,,,,,,,,,,,,,,,,,,,,,,,,,,,,,,,,,,,,
416,,,,s375,s378,,,,,,,,,,,s377,,,,s376,,,,,,,,,,,,,,s379,,,,,,,,,,,,,,,,,,,,,,,,,,,,,,,,,,,,,,,,,,,,,,,,,,,,,,,,449,,374,,,
417,r71,,,,,,,r71,,,,,,,,,,,,,,,,,,,,,,,r71,r71,r71,,r71,r71,r71,r71,r71,r71,,,,,,,,,,,,,,,,,,,,,,,,,,,,,,,,,,,,,,,,,,,,,,,,,,,,,,,
418,,,,s375,s378,,,,,,,,,,,s377,,,,s376,,,,,,,,,,,,,,s379,,,,,,,,,,,,,,,,,,,,,,,,,,,,,,,,,,,,,,,,,,,,,,,,,,,,,,,,,,450,,,
419,,,,,,s451,,,,,,,,,,,,,,,,,,,,,,,,,,,,,,,,,,,,,,,,,,,,,,,,,,,,,,,,,,,,,,,,,,,,,,,,,,,,,,,,,,,,,,,,,
420,r78,,,,,,,r78,,,,,,,,,,,,,,,,,,,,,,,r78,r78,r78,,r78,r78,r78,r78,r78,r78,r78,r78,r78,r78,r78,,,,,,,,,,,,,,,,,,,,,,,,,,,,,,,,,,,,,,,,,,,,,,,,,,
421,r59,,,,,,,,,,,,,,,,,,,,,,,,,,,,,,r59,,,,,,,,,,,,,,,,,,,,,,,,,,,,,,,,,,,,,,,,,,,,,,,,,,,,,,,,,,,,,,,,
422,,,,s180,,,,,,,s183,,,,,,,,s188,,s189,s190,,s191,,s192,,,s187,,,,,,,,,,,,,,,,,,,,,,,,,,,,,,,,,,,,452,173,175,176,181,,,,,182,,174,177,178,184,185,186,,179,,,,,,,,,,,,
423,,,,r68,r68,,,,,,,,,,,r68,,,,r68,,,,,,,,,,,,s60,s61,r68,,,,,,,,,,,,,,,,,,,,,,,,,,,,,,,,,,,,,,,,,,,,,,,,,,,453,,74,75,,,,,,,
424,r57,,,r57,r57,,,r57,,,,,,,,r57,,,,r57,,,r57,,,,,,,,r57,r57,r57,r57,r57,r57,r57,r57,r57,,,,,,,,,,,,,,,,,,,,,,,,,,,,,,,,,,,,,,,,,,,,,,,,,,,,,,,,
425,r58,,,r58,r58,,,r58,,,,,,,,r58,,,,r58,,,r58,,,,,,,,r58,r58,r58,r58,r58,r58,r58,r58,r58,,,,,,,,,,,,,,,,,,,,,,,,,,,,,,,,,,,,,,,,,,,,,,,,,,,,,,,,
426,,,,,,,,,,,,,,,,,,,,,,,,,,,,,,r69,,,,,,,,,,,,,,,,,,,,,,,,,,,,,,,,,,,,,,,,,,,,,,,,,,,,,,,,,,,,,,,,,
427,,,,,,,,,,,,,,,,,,,,,,,,,,,,,,r72,,r72,r72,,,,,,,r72,,,,,,,,,,,,,,,,,,,,,,,,,,,,,,,,,,,,,,,,,,,,,,,,,,,,,,,
428,,,,,,,,,,,,,,,,,,,,,,,r69,,,,,,,,,,,,,,,,,,,,,,,,,,,,,,,,,,,,,,,,,,,,,,,,,,,,,,,,,,,,,,,,,,,,,,,,
429,,,,,,,,,,,,,,,,,,,,,,,r72,,,,,,,,,r72,r72,,,,,,,r72,,,,,,,,,,,,,,,,,,,,,,,,,,,,,,,,,,,,,,,,,,,,,,,,,,,,,,,
430,r56,,,,,,,,,,,,,,,,,,,,,,,,,,,,,,,,,,,,,,,,,,,,,,,,,,,,,,,,,,,,,,,,,,,,,,,,,,,,,,,,,,,,,,,,,,,,,,
431,,,,,,,,,,,,,,,,,,,,,,,,,,,r65,r65,,,,,,,,,,,,,,,,,,,,,,,,,,,,,,,,,,,,,,,,,,,,,,,,,,,,,,,,,,,,,,,,,,,
432,,,,s395,s398,,,,,,,,,,,s397,,,,s396,,,,,,,,,,,,,,s399,,,,,,,,,,,,,,,,,,,,,,,,,,,,,,,,,,,,,,,,,,,,,,,,,,,,,,,,454,,394,,,
433,,,,,,,,,,,,,,,,,,,,,,,,,,,r71,r71,,,,r71,r71,,,,,,,r71,,,,,,,,,,,,,,,,,,,,,,,,,,,,,,,,,,,,,,,,,,,,,,,,,,,,,,,
434,,,,s395,s398,,,,,,,,,,,s397,,,,s396,,,,,,,,,,,,,,s399,,,,,,,,,,,,,,,,,,,,,,,,,,,,,,,,,,,,,,,,,,,,,,,,,,,,,,,,,,455,,,
435,,,,,,s456,,,,,,,,,,,,,,,,,,,,,,,,,,,,,,,,,,,,,,,,,,,,,,,,,,,,,,,,,,,,,,,,,,,,,,,,,,,,,,,,,,,,,,,,,
436,,,,,,,,,,,,,,,,,,,,,,,,,,,r78,r78,,,,r78,r78,,,,,,,r78,r78,r78,r78,r78,r78,,,,,,,,,,,,,,,,,,,,,,,,,,,,,,,,,,,,,,,,,,,,,,,,,,
437,,,,,,,,r69,,,,,,,,,,,,,,,,,,,r69,r69,,,,,,,r69,r69,r69,r69,r69,,,,,,,,,,,,,,,,,,,,,,,,,,,,,,,,,,,,,,,,,,,,,,,,,,,,,,,,
438,,,,,,,,r72,,,,,,,,,,,,,,,,,,,r72,r72,,,,r72,r72,,r72,r72,r72,r72,r72,r72,,,,,,,,,,,,,,,,,,,,,,,,,,,,,,,,,,,,,,,,,,,,,,,,,,,,,,,
439,,,,,,r70,,,,,,,,,,,,,,,,,,,,,,,,,,s157,s158,,,,,,,s159,,,,,,,,,,,,,,,,,,,,,,,,,,,,,,,,,,,,,,,,,,,,,,,,,457,,,,,406,
440,,,,,,r73,,,,,,,,,,,,,,,,,,,,,,,,,,r73,r73,,,,,,,r73,s162,s163,s164,s165,s166,,,,,,,,,,,,,,,,,,,,,,,,,,,,,,,,,,,,,,,,,,,,,,458,,,,408
441,,,,,,r77,,,,,,,,,,,,,,,,,,,,,,,,,,r77,r77,,,,,,,r77,r77,r77,r77,r77,r77,,,,,,,,,,,,,,,,,,,,,,,,,,,,,,,,,,,,,,,,,,,,,,,,,,
442,r70,,,,,,,,,,,,,,,,,,,,,,,,,,,,,,r70,s157,s158,,,,,,,s159,,,,,,,,,,,,,,,,,,,,,,,,,,,,,,,,,,,,,,,,,,,,,,,,,459,,,,,460,
443,r73,,,,,,,,,,,,,,,,,,,,,,,,,,,,,,r73,r73,r73,,,,,,,r73,s162,s163,s164,s165,s166,,,,,,,,,,,,,,,,,,,,,,,,,,,,,,,,,,,,,,,,,,,,,,461,,,,462
444,r74,,,,,,,,,,,,,,,,,,,,,,,,,,,,,,r74,r74,r74,,,,,,,r74,r74,r74,r74,r74,r74,,,,,,,,,,,,,,,,,,,,,,,,,,,,,,,,,,,,,,,,,,,,,,,,,,
445,r75,,,,,,,,,,,,,,,,,,,,,,,,,,,,,,r75,r75,r75,,,,,,,r75,r75,r75,r75,r75,r75,,,,,,,,,,,,,,,,,,,,,,,,,,,,,,,,,,,,,,,,,,,,,,,,,,
446,r76,,,,,,,,,,,,,,,,,,,,,,,,,,,,,,r76,r76,r76,,,,,,,r76,r76,r76,r76,r76,r76,,,,,,,,,,,,,,,,,,,,,,,,,,,,,,,,,,,,,,,,,,,,,,,,,,
447,,,,r68,r68,,,,,,,,,,,r68,,,,r68,,,,,,,,,,,,s60,s61,r68,,,,,,,,,,,,,,,,,,,,,,,,,,,,,,,,,,,,,,,,,,,,,,,,,,,463,,168,169,,,,,,,
448,,,,s444,s447,,,,,,,,,,,s446,,,,s445,,,,,,,,,,,,,,s448,,,,,,,,,,,,,,,,,,,,,,,,,,,,,,,,,,,,,,,,,,,,,,,,,,,,,,,,,,464,,,
449,r70,,,,,,,r70,,,,,,,,,,,,,,,,,,,,,,,r70,s157,s158,,r70,r70,r70,r70,r70,s159,,,,,,,,,,,,,,,,,,,,,,,,,,,,,,,,,,,,,,,,,,,,,,,,,465,,,,,416,
450,r73,,,,,,,r73,,,,,,,,,,,,,,,,,,,,,,,r73,r73,r73,,r73,r73,r73,r73,r73,r73,s162,s163,s164,s165,s166,,,,,,,,,,,,,,,,,,,,,,,,,,,,,,,,,,,,,,,,,,,,,,466,,,,418
451,r77,,,,,,,r77,,,,,,,,,,,,,,,,,,,,,,,r77,r77,r77,,r77,r77,r77,r77,r77,r77,r77,r77,r77,r77,r77,,,,,,,,,,,,,,,,,,,,,,,,,,,,,,,,,,,,,,,,,,,,,,,,,,
452,r60,,,,,,,,,,,,,,,,,,,,,,,,,,,,,,r60,,,,,,,,,,,,,,,,,,,,,,,,,,,,,,,,,,,,,,,,,,,,,,,,,,,,,,,,,,,,,,,,
453,,,,,,,,,,,,,,,,,,,,,,,s467,,,,,,,,,,,,,,,,,,,,,,,,,,,,,,,,,,,,,,,,,,,,,,,,,,,,,,,,,,,,,,,,,,,,,,,,
454,,,,,,,,,,,,,,,,,,,,,,,,,,,r70,r70,,,,s157,s158,,,,,,,s159,,,,,,,,,,,,,,,,,,,,,,,,,,,,,,,,,,,,,,,,,,,,,,,,,468,,,,,432,
455,,,,,,,,,,,,,,,,,,,,,,,,,,,r73,r73,,,,r73,r73,,,,,,,r73,s162,s163,s164,s165,s166,,,,,,,,,,,,,,,,,,,,,,,,,,,,,,,,,,,,,,,,,,,,,,469,,,,434
456,,,,,,,,,,,,,,,,,,,,,,,,,,,r77,r77,,,,r77,r77,,,,,,,r77,r77,r77,r77,r77,r77,,,,,,,,,,,,,,,,,,,,,,,,,,,,,,,,,,,,,,,,,,,,,,,,,,
457,,,,,,r69,,,,,,,,,,,,,,,,,,,,,,,,,,,,,,,,,,,,,,,,,,,,,,,,,,,,,,,,,,,,,,,,,,,,,,,,,,,,,,,,,,,,,,,,,
458,,,,,,r72,,,,,,,,,,,,,,,,,,,,,,,,,,r72,r72,,,,,,,r72,,,,,,,,,,,,,,,,,,,,,,,,,,,,,,,,,,,,,,,,,,,,,,,,,,,,,,,
459,r65,,,,,,,,,,,,,,,,,,,,,,,,,,,,,,r65,,,,,,,,,,,,,,,,,,,,,,,,,,,,,,,,,,,,,,,,,,,,,,,,,,,,,,,,,,,,,,,,
460,,,,s444,s447,,,,,,,,,,,s446,,,,s445,,,,,,,,,,,,,,s448,,,,,,,,,,,,,,,,,,,,,,,,,,,,,,,,,,,,,,,,,,,,,,,,,,,,,,,,470,,443,,,
461,r71,,,,,,,,,,,,,,,,,,,,,,,,,,,,,,r71,r71,r71,,,,,,,r71,,,,,,,,,,,,,,,,,,,,,,,,,,,,,,,,,,,,,,,,,,,,,,,,,,,,,,,
462,,,,s444,s447,,,,,,,,,,,s446,,,,s445,,,,,,,,,,,,,,s448,,,,,,,,,,,,,,,,,,,,,,,,,,,,,,,,,,,,,,,,,,,,,,,,,,,,,,,,,,471,,,
463,,,,,,s472,,,,,,,,,,,,,,,,,,,,,,,,,,,,,,,,,,,,,,,,,,,,,,,,,,,,,,,,,,,,,,,,,,,,,,,,,,,,,,,,,,,,,,,,,
464,r78,,,,,,,,,,,,,,,,,,,,,,,,,,,,,,r78,r78,r78,,,,,,,r78,r78,r78,r78,r78,r78,,,,,,,,,,,,,,,,,,,,,,,,,,,,,,,,,,,,,,,,,,,,,,,,,,
465,r69,,,,,,,r69,,,,,,,,,,,,,,,,,,,,,,,r69,,,,r69,r69,r69,r69,r69,,,,,,,,,,,,,,,,,,,,,,,,,,,,,,,,,,,,,,,,,,,,,,,,,,,,,,,,
466,r72,,,,,,,r72,,,,,,,,,,,,,,,,,,,,,,,r72,r72,r72,,r72,r72,r72,r72,r72,r72,,,,,,,,,,,,,,,,,,,,,,,,,,,,,,,,,,,,,,,,,,,,,,,,,,,,,,,
467,,,,s180,,,,,,,s183,,,,,,,,s188,,s189,s190,,s191,,s192,,,s187,,,,,,,,,,,,,,,,,,,,,,,,,,,,,,,,,,,,473,173,175,176,181,,,,,182,,174,177,178,184,185,186,,179,,,,,,,,,,,,
468,,,,,,,,,,,,,,,,,,,,,,,,,,,r69,r69,,,,,,,,,,,,,,,,,,,,,,,,,,,,,,,,,,,,,,,,,,,,,,,,,,,,,,,,,,,,,,,,,,,
469,,,,,,,,,,,,,,,,,,,,,,,,,,,r72,r72,,,,r72,r72,,,,,,,r72,,,,,,,,,,,,,,,,,,,,,,,,,,,,,,,,,,,,,,,,,,,,,,,,,,,,,,,
470,r70,,,,,,,,,,,,,,,,,,,,,,,,,,,,,,r70,s157,s158,,,,,,,s159,,,,,,,,,,,,,,,,,,,,,,,,,,,,,,,,,,,,,,,,,,,,,,,,,474,,,,,460,
471,r73,,,,,,,,,,,,,,,,,,,,,,,,,,,,,,r73,r73,r73,,,,,,,r73,s162,s163,s164,s165,s166,,,,,,,,,,,,,,,,,,,,,,,,,,,,,,,,,,,,,,,,,,,,,,475,,,,462
472,r77,,,,,,,,,,,,,,,,,,,,,,,,,,,,,,r77,r77,r77,,,,,,,r77,r77,r77,r77,r77,r77,,,,,,,,,,,,,,,,,,,,,,,,,,,,,,,,,,,,,,,,,,,,,,,,,,
473,r56,,,,,,,,,,,,,,,,,,,,,,,,,,,,,,r56,,,,,,,,,,,,,,,,,,,,,,,,,,,,,,,,,,,,,,,,,,,,,,,,,,,,,,,,,,,,,,,,
474,r69,,,,,,,,,,,,,,,,,,,,,,,,,,,,,,r69,,,,,,,,,,,,,,,,,,,,,,,,,,,,,,,,,,,,,,,,,,,,,,,,,,,,,,,,,,,,,,,,
475,r72,,,,,,,,,,,,,,,,,,,,,,,,,,,,,,r72,r72,r72,,,,,,,r72,,,,,,,,,,,,,,,,,,,,,,,,,,,,,,,,,,,,,,,,,,,,,,,,,,,,,,,
